Name,Date,Count
9WZDNCRDKG6M,May 9 12:00 AM,5	
9WZDNCRDKG6M,May 16 12:00 AM,4.57	
9WZDNCRDKG6M,May 23 12:00 AM,4.67	
9WZDNCRDKG6M,May 30 12:00 AM,4	
9WZDNCRDKG6M,Jun 6 12:00 AM,4	
9WZDNCRDKG6M,Jun 13 12:00 AM,5	
9WZDNCRDKG6M,Jun 20 12:00 AM,4.5	
9WZDNCRDKG6M,Jun 27 12:00 AM,4.5	
9WZDNCRDKG6M,Jul 4 12:00 AM,4.67	
9WZDNCRDKG6M,Jul 11 12:00 AM,5	
9WZDNCRDKG6M,Jul 18 12:00 AM,5	
9WZDNCRDKG6M,Jul 25 12:00 AM,5	
9WZDNCRDKG6M,Aug 1 12:00 AM,5	
9WZDNCRDKG6M,Aug 8 12:00 AM,4.75	
9WZDNCRDKG6M,Aug 15 12:00 AM,4.75	
9WZDNCRDKG6M,Aug 22 12:00 AM,0	
9WZDNCRDKG6M,Aug 29 12:00 AM,4.75	
9WZDNCRDKG6M,Sep 5 12:00 AM,4.6	
9WZDNCRDKG6M,Sep 12 12:00 AM,5	
9WZDNCRDKG6M,Sep 19 12:00 AM,4.5	
9WZDNCRDKG6M,Sep 26 12:00 AM,0	
9WZDNCRDKG6M,Oct 3 12:00 AM,4.5	
9WZDNCRDKG6M,Oct 10 12:00 AM,3.83	
9WZDNCRDKG6M,Oct 17 12:00 AM,4.6	
9WZDNCRDKG6M,Oct 24 12:00 AM,4.6	
9WZDNCRDKG6M,Oct 31 12:00 AM,4.8	
9WZDNCRDKG6M,Nov 7 12:00 AM,5	
9WZDNCRDKG6M,Nov 14 12:00 AM,4.75	
9WZDNCRDKG6M,Nov 21 12:00 AM,4.5	
9WZDNCRDKG6M,Nov 28 12:00 AM,5	
9WZDNCRDKG6M,Dec 5 12:00 AM,4	
9WZDNCRDKG6M,Dec 12 12:00 AM,0	
9WZDNCRDKG6M,Dec 19 12:00 AM,0	
9WZDNCRDKG6M,Dec 26 12:00 AM,3	
9WZDNCRDKG6M,Jan 2 12:00 AM,0	
9WZDNCRDKG6M,Jan 9 12:00 AM,5	
9WZDNCRDKG6M,Jan 16 12:00 AM,5	
9WZDNCRDKG6M,Jan 23 12:00 AM,4.5	
9WZDNCRDKG6M,Jan 30 12:00 AM,4	
9WZDNCRDKG6M,Feb 6 12:00 AM,0	
9WZDNCRDKG6M,Feb 13 12:00 AM,5	
9WZDNCRDKG6M,Feb 20 12:00 AM,5	
9WZDNCRDKG6M,Feb 27 12:00 AM,0	
9WZDNCRDKG6M,Mar 6 12:00 AM,5	
9WZDNCRDKG6M,Mar 13 12:00 AM,4	
9WZDNCRDKG6M,Mar 20 12:00 AM,0	
9WZDNCRDKG6M,Mar 27 12:00 AM,5	
9WZDNCRDKG6M,Apr 3 12:00 AM,4.67	
9WZDNCRDKG6M,Apr 10 12:00 AM,0	
9WZDNCRDKG6M,Apr 17 12:00 AM,0	
9WZDNCRDKG6M,Apr 24 12:00 AM,5	
9WZDNCRDKG6M,May 1 12:00 AM,0	
9WZDNCRDKG6M,May 8 12:00 AM,0	
