Date,Package Name,App Version Code,Daily Average Rating,Total Average Rating
2017-05-05,com.letfreex,,5.00,5.00
2017-05-05,com.letfreex,200008,5.00,5.00
2017-05-06,com.letfreex,,4.94,4.94
2017-05-06,com.letfreex,200008,4.79,4.81
2017-05-07,com.letfreex,,5.00,4.95
2017-05-07,com.letfreex,200008,4.72,4.79
2017-05-08,com.letfreex,,4.91,4.95
2017-05-08,com.letfreex,200008,4.68,4.77
2017-05-09,com.letfreex,,4.96,4.95
2017-05-09,com.letfreex,200008,4.77,4.77
2017-05-10,com.letfreex,,5.00,4.95
2017-05-10,com.letfreex,200008,4.95,4.78
2017-05-11,com.letfreex,,5.00,4.96
2017-05-11,com.letfreex,200008,3.76,4.68
2017-05-12,com.letfreex,,4.63,4.94
2017-05-12,com.letfreex,200008,4.44,4.66
2017-05-13,com.letfreex,,3.00,4.91
2017-05-13,com.letfreex,200008,4.10,4.62
2017-05-14,com.letfreex,,4.60,4.89
2017-05-14,com.letfreex,200008,4.52,4.61
2017-05-15,com.letfreex,,4.20,4.86
2017-05-15,com.letfreex,200008,4.25,4.59
2017-05-16,com.letfreex,,4.44,4.84
2017-05-16,com.letfreex,200008,4.06,4.54
