Date,Package Name,Device,Daily Average Rating,Total Average Rating
2017-05-05,com.letfreex,HWFRD,5.00,5.00
2017-05-05,com.letfreex,M3s,5.00,5.00
2017-05-05,com.letfreex,P653A10,5.00,5.00
2017-05-05,com.letfreex,hammerhead,5.00,5.00
2017-05-05,com.letfreex,hwALE-H,5.00,5.00
2017-05-05,com.letfreex,hwG7-L01,5.00,5.00
2017-05-05,com.letfreex,hwmt7,5.00,5.00
2017-05-05,com.letfreex,le_s2_ww,5.00,5.00
2017-05-05,com.letfreex,trelte,5.00,5.00
2017-05-05,com.letfreex,trlte,5.00,5.00
2017-05-06,com.letfreex,A0001,5.00,5.00
2017-05-06,com.letfreex,A95X,5.00,5.00
2017-05-06,com.letfreex,ASUS_T00J1,5.00,5.00
2017-05-06,com.letfreex,ASUS_X008_1,5.00,5.00
2017-05-06,com.letfreex,ASUS_Z00L_63,5.00,5.00
2017-05-06,com.letfreex,ASUS_Z017D_1,4.00,4.00
2017-05-06,com.letfreex,D5803,5.00,5.00
2017-05-06,com.letfreex,D6603,5.00,5.00
2017-05-06,com.letfreex,E2303,5.00,5.00
2017-05-06,com.letfreex,HWBLN-H,5.00,5.00
2017-05-06,com.letfreex,HWCRR,4.67,4.67
2017-05-06,com.letfreex,HWEVA,5.00,5.00
2017-05-06,com.letfreex,HWFRD,5.00,5.00
2017-05-06,com.letfreex,HWGRA,5.00,5.00
2017-05-06,com.letfreex,HWNXT,3.00,3.00
2017-05-06,com.letfreex,HWPLK,5.00,5.00
2017-05-06,com.letfreex,HWPRA-H,5.00,5.00
2017-05-06,com.letfreex,HWTAG-L6753,5.00,5.00
2017-05-06,com.letfreex,HWVIE,5.00,5.00
2017-05-06,com.letfreex,HWVNS-H,4.90,4.90
2017-05-06,com.letfreex,HWY560-L,5.00,5.00
2017-05-06,com.letfreex,HiBox-hero,5.00,5.00
2017-05-06,com.letfreex,M3s,NA,5.00
2017-05-06,com.letfreex,ME173X,5.00,5.00
2017-05-06,com.letfreex,MFC_6,5.00,5.00
2017-05-06,com.letfreex,OnePlus3,5.00,5.00
2017-05-06,com.letfreex,P01Y,1.00,1.00
2017-05-06,com.letfreex,P024_1,5.00,5.00
2017-05-06,com.letfreex,P027,5.00,5.00
2017-05-06,com.letfreex,P2a42,5.00,5.00
2017-05-06,com.letfreex,P4601AN,5.00,5.00
2017-05-06,com.letfreex,P653A10,NA,5.00
2017-05-06,com.letfreex,PIXI4_5_4G,5.00,5.00
2017-05-06,com.letfreex,V2802AN,5.00,5.00
2017-05-06,com.letfreex,VFD500,5.00,5.00
2017-05-06,com.letfreex,Z008_1,5.00,5.00
2017-05-06,com.letfreex,Z00A,4.83,4.83
2017-05-06,com.letfreex,Z01B_1,5.00,5.00
2017-05-06,com.letfreex,a3xelte,5.00,5.00
2017-05-06,com.letfreex,a5ulte,5.00,5.00
2017-05-06,com.letfreex,a7alte,5.00,5.00
2017-05-06,com.letfreex,ac50fhe,5.00,5.00
2017-05-06,com.letfreex,ailsa_ii,5.00,5.00
2017-05-06,com.letfreex,alicee,5.00,5.00
2017-05-06,com.letfreex,athene,5.00,5.00
2017-05-06,com.letfreex,bullhead,5.00,5.00
2017-05-06,com.letfreex,d802,5.00,5.00
2017-05-06,com.letfreex,g3,4.00,4.00
2017-05-06,com.letfreex,gemini,5.00,5.00
2017-05-06,com.letfreex,goyawifi,5.00,5.00
2017-05-06,com.letfreex,grandneove3g,5.00,5.00
2017-05-06,com.letfreex,grandprimelte,5.00,5.00
2017-05-06,com.letfreex,gt510wifi,5.00,5.00
2017-05-06,com.letfreex,h910be_v11_p_yx_a10b_r6,4.00,4.00
2017-05-06,com.letfreex,hammerhead,5.00,5.00
2017-05-06,com.letfreex,hero2lte,4.67,4.67
2017-05-06,com.letfreex,herolte,5.00,5.00
2017-05-06,com.letfreex,hllte,5.00,5.00
2017-05-06,com.letfreex,hlte,5.00,5.00
2017-05-06,com.letfreex,hlteatt,5.00,5.00
2017-05-06,com.letfreex,htc_himauhl,5.00,5.00
2017-05-06,com.letfreex,hwALE-H,5.00,5.00
2017-05-06,com.letfreex,hwG7-L01,5.00,5.00
2017-05-06,com.letfreex,hwG750-U10,5.00,5.00
2017-05-06,com.letfreex,hwH60,5.00,5.00
2017-05-06,com.letfreex,hwY530-U00,5.00,5.00
2017-05-06,com.letfreex,hwY635,4.00,4.00
2017-05-06,com.letfreex,hwmt7,5.00,5.00
2017-05-06,com.letfreex,j3xnlte,4.50,4.50
2017-05-06,com.letfreex,j5nlte,4.00,4.00
2017-05-06,com.letfreex,j5xnlte,5.00,5.00
2017-05-06,com.letfreex,jagnm,5.00,5.00
2017-05-06,com.letfreex,jflte,5.00,5.00
2017-05-06,com.letfreex,kanas3gnfc,5.00,5.00
2017-05-06,com.letfreex,kenzo,5.00,5.00
2017-05-06,com.letfreex,klte,5.00,5.00
2017-05-06,com.letfreex,kminilte,5.00,5.00
2017-05-06,com.letfreex,l5460,5.00,5.00
2017-05-06,com.letfreex,le_s2_na,5.00,5.00
2017-05-06,com.letfreex,le_s2_ww,NA,5.00
2017-05-06,com.letfreex,lt013g,2.00,2.00
2017-05-06,com.letfreex,lt01wifi,5.00,5.00
2017-05-06,com.letfreex,m2note,5.00,5.00
2017-05-06,com.letfreex,m3note,5.00,5.00
2017-05-06,com.letfreex,markw,5.00,5.00
2017-05-06,com.letfreex,matisselte,4.00,4.00
2017-05-06,com.letfreex,meliuslte,5.00,5.00
2017-05-06,com.letfreex,mido,4.00,4.00
2017-05-06,com.letfreex,mx4pro,5.00,5.00
2017-05-06,com.letfreex,natrium,5.00,5.00
2017-05-06,com.letfreex,nikel,5.00,5.00
2017-05-06,com.letfreex,p1,5.00,5.00
2017-05-06,com.letfreex,polaris-inet,5.00,5.00
2017-05-06,com.letfreex,q201_9377,5.00,5.00
2017-05-06,com.letfreex,s3ve3g,4.50,4.50
2017-05-06,com.letfreex,s5neolte,5.00,5.00
2017-05-06,com.letfreex,santos103g,5.00,5.00
2017-05-06,com.letfreex,santos10wifi,5.00,5.00
2017-05-06,com.letfreex,trelte,NA,5.00
2017-05-06,com.letfreex,trlte,5.00,5.00
2017-05-06,com.letfreex,zenlte,5.00,5.00
2017-05-06,com.letfreex,zeroflte,4.89,4.89
2017-05-06,com.letfreex,zerolte,5.00,5.00
2017-05-07,com.letfreex,A0001,NA,5.00
2017-05-07,com.letfreex,A95X,NA,5.00
2017-05-07,com.letfreex,ASUS_T00J1,NA,5.00
2017-05-07,com.letfreex,ASUS_X008_1,NA,5.00
2017-05-07,com.letfreex,ASUS_X013D_2,4.00,4.00
2017-05-07,com.letfreex,ASUS_Z00L_63,NA,5.00
2017-05-07,com.letfreex,ASUS_Z010,5.00,5.00
2017-05-07,com.letfreex,ASUS_Z017D_1,5.00,4.50
2017-05-07,com.letfreex,D5803,5.00,5.00
2017-05-07,com.letfreex,D6603,NA,5.00
2017-05-07,com.letfreex,E2303,NA,5.00
2017-05-07,com.letfreex,HS8937QC,5.00,5.00
2017-05-07,com.letfreex,HWBLN-H,NA,5.00
2017-05-07,com.letfreex,HWCRR,NA,4.67
2017-05-07,com.letfreex,HWEVA,4.00,4.67
2017-05-07,com.letfreex,HWFRD,5.00,5.00
2017-05-07,com.letfreex,HWGRA,5.00,5.00
2017-05-07,com.letfreex,HWLYO-L6735,5.00,5.00
2017-05-07,com.letfreex,HWPLK,5.00,5.00
2017-05-07,com.letfreex,HWPRA-H,NA,5.00
2017-05-07,com.letfreex,HWTAG-L6753,NA,5.00
2017-05-07,com.letfreex,HWVIE,NA,5.00
2017-05-07,com.letfreex,HWVNS-H,5.00,4.92
2017-05-07,com.letfreex,HWY560-L,NA,5.00
2017-05-07,com.letfreex,HiBox-hero,NA,5.00
2017-05-07,com.letfreex,K016_1,5.00,5.00
2017-05-07,com.letfreex,M3s,5.00,5.00
2017-05-07,com.letfreex,ME173X,NA,5.00
2017-05-07,com.letfreex,MFC_6,NA,5.00
2017-05-07,com.letfreex,OnePlus3,NA,5.00
2017-05-07,com.letfreex,OnePlus3T,4.00,4.00
2017-05-07,com.letfreex,P01Y,NA,1.00
2017-05-07,com.letfreex,P021_1,5.00,5.00
2017-05-07,com.letfreex,P024_1,NA,5.00
2017-05-07,com.letfreex,P027,NA,5.00
2017-05-07,com.letfreex,P2a42,NA,5.00
2017-05-07,com.letfreex,P4601AN,NA,5.00
2017-05-07,com.letfreex,P653A10,NA,5.00
2017-05-07,com.letfreex,PIXI4_5_4G,NA,5.00
2017-05-07,com.letfreex,Paris_X,5.00,5.00
2017-05-07,com.letfreex,SM-G935F,5.00,5.00
2017-05-07,com.letfreex,V2802AN,NA,5.00
2017-05-07,com.letfreex,V3750AN,5.00,5.00
2017-05-07,com.letfreex,VFD500,NA,5.00
2017-05-07,com.letfreex,Z008_1,NA,5.00
2017-05-07,com.letfreex,Z00A,5.00,4.88
2017-05-07,com.letfreex,Z01B_1,NA,5.00
2017-05-07,com.letfreex,a3xelte,5.00,5.00
2017-05-07,com.letfreex,a5ulte,NA,5.00
2017-05-07,com.letfreex,a5xelte,5.00,5.00
2017-05-07,com.letfreex,a7alte,NA,5.00
2017-05-07,com.letfreex,ac50fhe,NA,5.00
2017-05-07,com.letfreex,ac50po,5.00,5.00
2017-05-07,com.letfreex,ailsa_ii,NA,5.00
2017-05-07,com.letfreex,alicee,NA,5.00
2017-05-07,com.letfreex,athene,NA,5.00
2017-05-07,com.letfreex,bullhead,5.00,5.00
2017-05-07,com.letfreex,coreprimevelte,3.00,3.00
2017-05-07,com.letfreex,d802,NA,5.00
2017-05-07,com.letfreex,ducati2hd3g,5.00,5.00
2017-05-07,com.letfreex,g2m,5.00,5.00
2017-05-07,com.letfreex,g3,NA,4.00
2017-05-07,com.letfreex,gemini,NA,5.00
2017-05-07,com.letfreex,goyawifi,NA,5.00
2017-05-07,com.letfreex,grandneove3g,5.00,5.00
2017-05-07,com.letfreex,grandprimelte,NA,5.00
2017-05-07,com.letfreex,gt510wifi,5.00,5.00
2017-05-07,com.letfreex,h910be_v11_p_yx_a10b_r6,NA,4.00
2017-05-07,com.letfreex,hammerhead,NA,5.00
2017-05-07,com.letfreex,hero2lte,5.00,4.86
2017-05-07,com.letfreex,herolte,5.00,5.00
2017-05-07,com.letfreex,hllte,NA,5.00
2017-05-07,com.letfreex,hlte,NA,5.00
2017-05-07,com.letfreex,hlteatt,NA,5.00
2017-05-07,com.letfreex,htc_himauhl,NA,5.00
2017-05-07,com.letfreex,hwALE-H,5.00,5.00
2017-05-07,com.letfreex,hwG7-L01,5.00,5.00
2017-05-07,com.letfreex,hwG750-U10,NA,5.00
2017-05-07,com.letfreex,hwH60,NA,5.00
2017-05-07,com.letfreex,hwSCL-Q,5.00,5.00
2017-05-07,com.letfreex,hwY530-U00,NA,5.00
2017-05-07,com.letfreex,hwY635,NA,4.00
2017-05-07,com.letfreex,hwmt7,NA,5.00
2017-05-07,com.letfreex,j3xnlte,NA,4.50
2017-05-07,com.letfreex,j5nlte,5.00,4.60
2017-05-07,com.letfreex,j5xnlte,NA,5.00
2017-05-07,com.letfreex,j7xelte,5.00,5.00
2017-05-07,com.letfreex,jagnm,NA,5.00
2017-05-07,com.letfreex,jflte,1.00,4.00
2017-05-07,com.letfreex,jfvelte,5.00,5.00
2017-05-07,com.letfreex,kanas3gnfc,NA,5.00
2017-05-07,com.letfreex,kenzo,NA,5.00
2017-05-07,com.letfreex,klte,4.00,4.89
2017-05-07,com.letfreex,kminilte,5.00,5.00
2017-05-07,com.letfreex,l5460,NA,5.00
2017-05-07,com.letfreex,le_s2_na,NA,5.00
2017-05-07,com.letfreex,le_s2_ww,NA,5.00
2017-05-07,com.letfreex,lt013g,NA,2.00
2017-05-07,com.letfreex,lt01wifi,NA,5.00
2017-05-07,com.letfreex,m0,5.00,5.00
2017-05-07,com.letfreex,m2note,NA,5.00
2017-05-07,com.letfreex,m3note,NA,5.00
2017-05-07,com.letfreex,m7,5.00,5.00
2017-05-07,com.letfreex,markw,NA,5.00
2017-05-07,com.letfreex,matisselte,NA,4.00
2017-05-07,com.letfreex,meliuslte,NA,5.00
2017-05-07,com.letfreex,mido,NA,4.00
2017-05-07,com.letfreex,mx4pro,NA,5.00
2017-05-07,com.letfreex,natrium,NA,5.00
2017-05-07,com.letfreex,nikel,NA,5.00
2017-05-07,com.letfreex,p1,NA,5.00
2017-05-07,com.letfreex,polaris-inet,NA,5.00
2017-05-07,com.letfreex,q201_9377,NA,5.00
2017-05-07,com.letfreex,s3ve3g,5.00,4.67
2017-05-07,com.letfreex,s5201ap,5.00,5.00
2017-05-07,com.letfreex,s5250,5.00,5.00
2017-05-07,com.letfreex,s5neolte,5.00,5.00
2017-05-07,com.letfreex,santos103g,NA,5.00
2017-05-07,com.letfreex,santos10wifi,NA,5.00
2017-05-07,com.letfreex,serranovelte,5.00,5.00
2017-05-07,com.letfreex,surnia_umts,5.00,5.00
2017-05-07,com.letfreex,titan_umtsds,5.00,5.00
2017-05-07,com.letfreex,trelte,NA,5.00
2017-05-07,com.letfreex,trlte,NA,5.00
2017-05-07,com.letfreex,vbox86p,5.00,5.00
2017-05-07,com.letfreex,zenlte,5.00,5.00
2017-05-07,com.letfreex,zeroflte,5.00,4.90
2017-05-07,com.letfreex,zerolte,5.00,5.00
2017-05-08,com.letfreex,A0001,5.00,5.00
2017-05-08,com.letfreex,A95X,NA,5.00
2017-05-08,com.letfreex,ASUS_T00J1,NA,5.00
2017-05-08,com.letfreex,ASUS_X008_1,NA,5.00
2017-05-08,com.letfreex,ASUS_Z00L_63,NA,5.00
2017-05-08,com.letfreex,ASUS_Z00U_1,5.00,5.00
2017-05-08,com.letfreex,ASUS_Z010,NA,5.00
2017-05-08,com.letfreex,ASUS_Z017D_1,4.00,4.33
2017-05-08,com.letfreex,AVENUE_5.5,5.00,5.00
2017-05-08,com.letfreex,D5803,NA,5.00
2017-05-08,com.letfreex,D6603,NA,5.00
2017-05-08,com.letfreex,E2303,NA,5.00
2017-05-08,com.letfreex,HM2014811,5.00,5.00
2017-05-08,com.letfreex,HNNEM-H,5.00,5.00
2017-05-08,com.letfreex,HS8937QC,NA,5.00
2017-05-08,com.letfreex,HWBLN-H,3.00,4.00
2017-05-08,com.letfreex,HWCRR,5.00,4.75
2017-05-08,com.letfreex,HWEVA,4.00,4.50
2017-05-08,com.letfreex,HWFRD,NA,5.00
2017-05-08,com.letfreex,HWGRA,5.00,5.00
2017-05-08,com.letfreex,HWLYO-L6735,NA,5.00
2017-05-08,com.letfreex,HWPLK,NA,5.00
2017-05-08,com.letfreex,HWPRA-H,NA,5.00
2017-05-08,com.letfreex,HWTAG-L6753,NA,5.00
2017-05-08,com.letfreex,HWVIE,NA,5.00
2017-05-08,com.letfreex,HWVNS-H,5.00,4.94
2017-05-08,com.letfreex,HWY560-L,NA,5.00
2017-05-08,com.letfreex,HiBox-hero,NA,5.00
2017-05-08,com.letfreex,K016_1,NA,5.00
2017-05-08,com.letfreex,M3s,NA,5.00
2017-05-08,com.letfreex,ME173X,NA,5.00
2017-05-08,com.letfreex,MFC_6,NA,5.00
2017-05-08,com.letfreex,OnePlus3,5.00,5.00
2017-05-08,com.letfreex,OnePlus3T,NA,4.00
2017-05-08,com.letfreex,P01Y,NA,1.00
2017-05-08,com.letfreex,P021_1,NA,5.00
2017-05-08,com.letfreex,P024_1,NA,5.00
2017-05-08,com.letfreex,P027,NA,5.00
2017-05-08,com.letfreex,P2a42,5.00,5.00
2017-05-08,com.letfreex,P4601AN,NA,5.00
2017-05-08,com.letfreex,P653A10,NA,5.00
2017-05-08,com.letfreex,PIXI4_5_4G,NA,5.00
2017-05-08,com.letfreex,Paris_X,NA,5.00
2017-05-08,com.letfreex,PhonePad Duo,5.00,5.00
2017-05-08,com.letfreex,SM-G935F,NA,5.00
2017-05-08,com.letfreex,V2802AN,NA,5.00
2017-05-08,com.letfreex,V3750AN,NA,5.00
2017-05-08,com.letfreex,VFD500,NA,5.00
2017-05-08,com.letfreex,Z008_1,NA,5.00
2017-05-08,com.letfreex,Z00A,5.00,4.88
2017-05-08,com.letfreex,Z01B_1,NA,5.00
2017-05-08,com.letfreex,a3ulte,5.00,5.00
2017-05-08,com.letfreex,a3xelte,NA,5.00
2017-05-08,com.letfreex,a5ulte,NA,5.00
2017-05-08,com.letfreex,a5xelte,5.00,5.00
2017-05-08,com.letfreex,a7alte,NA,5.00
2017-05-08,com.letfreex,ac50fhe,NA,5.00
2017-05-08,com.letfreex,ac50po,NA,5.00
2017-05-08,com.letfreex,ailsa_ii,NA,5.00
2017-05-08,com.letfreex,alicee,NA,5.00
2017-05-08,com.letfreex,angler,5.00,5.00
2017-05-08,com.letfreex,athene,NA,5.00
2017-05-08,com.letfreex,bullhead,5.00,5.00
2017-05-08,com.letfreex,cedric,5.00,5.00
2017-05-08,com.letfreex,clark,5.00,5.00
2017-05-08,com.letfreex,coreprimevelte,NA,3.00
2017-05-08,com.letfreex,d802,4.00,4.50
2017-05-08,com.letfreex,dreamlte,5.00,5.00
2017-05-08,com.letfreex,ducati2hd3g,NA,5.00
2017-05-08,com.letfreex,g2m,NA,5.00
2017-05-08,com.letfreex,g3,NA,4.00
2017-05-08,com.letfreex,gemini,5.00,5.00
2017-05-08,com.letfreex,goyawifi,NA,5.00
2017-05-08,com.letfreex,grandneove3g,5.00,5.00
2017-05-08,com.letfreex,grandprimelte,NA,5.00
2017-05-08,com.letfreex,grandprimevelte,5.00,5.00
2017-05-08,com.letfreex,gt510wifi,NA,5.00
2017-05-08,com.letfreex,gtel3g,5.00,5.00
2017-05-08,com.letfreex,h910be_v11_p_yx_a10b_r6,NA,4.00
2017-05-08,com.letfreex,hammerhead,4.00,4.67
2017-05-08,com.letfreex,heatqlte,5.00,5.00
2017-05-08,com.letfreex,hero2lte,4.00,4.67
2017-05-08,com.letfreex,herolte,5.00,5.00
2017-05-08,com.letfreex,hllte,5.00,5.00
2017-05-08,com.letfreex,hlte,NA,5.00
2017-05-08,com.letfreex,hlteatt,NA,5.00
2017-05-08,com.letfreex,htc_himauhl,NA,5.00
2017-05-08,com.letfreex,hwALE-H,4.75,4.95
2017-05-08,com.letfreex,hwG7-L01,NA,5.00
2017-05-08,com.letfreex,hwG750-U10,NA,5.00
2017-05-08,com.letfreex,hwH60,NA,5.00
2017-05-08,com.letfreex,hwSCL-Q,5.00,5.00
2017-05-08,com.letfreex,hwY530-U00,NA,5.00
2017-05-08,com.letfreex,hwY635,NA,4.00
2017-05-08,com.letfreex,hwmt7,NA,5.00
2017-05-08,com.letfreex,ido,3.00,3.00
2017-05-08,com.letfreex,j3xnlte,NA,4.50
2017-05-08,com.letfreex,j5nlte,NA,4.60
2017-05-08,com.letfreex,j5xnlte,NA,5.00
2017-05-08,com.letfreex,j7xelte,NA,5.00
2017-05-08,com.letfreex,jagnm,NA,5.00
2017-05-08,com.letfreex,jflte,5.00,4.20
2017-05-08,com.letfreex,jfvelte,NA,5.00
2017-05-08,com.letfreex,kanas3gnfc,NA,5.00
2017-05-08,com.letfreex,kenzo,NA,5.00
2017-05-08,com.letfreex,klte,5.00,4.92
2017-05-08,com.letfreex,kminilte,3.00,4.50
2017-05-08,com.letfreex,l5460,5.00,5.00
2017-05-08,com.letfreex,le_s2_na,NA,5.00
2017-05-08,com.letfreex,le_s2_ww,NA,5.00
2017-05-08,com.letfreex,lt013g,NA,2.00
2017-05-08,com.letfreex,lt01wifi,NA,5.00
2017-05-08,com.letfreex,m0,NA,5.00
2017-05-08,com.letfreex,m2note,NA,5.00
2017-05-08,com.letfreex,m3note,NA,5.00
2017-05-08,com.letfreex,m7,NA,5.00
2017-05-08,com.letfreex,markw,NA,5.00
2017-05-08,com.letfreex,matisselte,NA,4.00
2017-05-08,com.letfreex,meliuslte,NA,5.00
2017-05-08,com.letfreex,mido,NA,4.00
2017-05-08,com.letfreex,mx4pro,NA,5.00
2017-05-08,com.letfreex,natrium,NA,5.00
2017-05-08,com.letfreex,nikel,NA,5.00
2017-05-08,com.letfreex,p1,5.00,5.00
2017-05-08,com.letfreex,polaris-inet,NA,5.00
2017-05-08,com.letfreex,q201_9377,NA,5.00
2017-05-08,com.letfreex,s3ve3g,5.00,4.75
2017-05-08,com.letfreex,s5201ap,NA,5.00
2017-05-08,com.letfreex,s5250,NA,5.00
2017-05-08,com.letfreex,s5neolte,5.00,5.00
2017-05-08,com.letfreex,santos103g,NA,5.00
2017-05-08,com.letfreex,santos10wifi,NA,5.00
2017-05-08,com.letfreex,serranolte,5.00,5.00
2017-05-08,com.letfreex,serranovelte,NA,5.00
2017-05-08,com.letfreex,surnia_umts,NA,5.00
2017-05-08,com.letfreex,titan_umtsds,NA,5.00
2017-05-08,com.letfreex,trelte,NA,5.00
2017-05-08,com.letfreex,trlte,NA,5.00
2017-05-08,com.letfreex,vbox86p,NA,5.00
2017-05-08,com.letfreex,zenlte,5.00,5.00
2017-05-08,com.letfreex,zeroflte,4.00,4.75
2017-05-08,com.letfreex,zerolte,5.00,5.00
2017-05-09,com.letfreex,A0001,NA,5.00
2017-05-09,com.letfreex,A95X,NA,5.00
2017-05-09,com.letfreex,ASUS_T00J1,NA,5.00
2017-05-09,com.letfreex,ASUS_X008_1,NA,5.00
2017-05-09,com.letfreex,ASUS_Z00L_63,5.00,5.00
2017-05-09,com.letfreex,ASUS_Z00U_1,NA,5.00
2017-05-09,com.letfreex,ASUS_Z010,NA,5.00
2017-05-09,com.letfreex,ASUS_Z017D_1,NA,4.33
2017-05-09,com.letfreex,AVENUE_5.5,NA,5.00
2017-05-09,com.letfreex,D5803,NA,5.00
2017-05-09,com.letfreex,D6603,NA,5.00
2017-05-09,com.letfreex,DAGGER-DG550,5.00,5.00
2017-05-09,com.letfreex,E2303,NA,5.00
2017-05-09,com.letfreex,E5303,5.00,5.00
2017-05-09,com.letfreex,HM2014811,NA,5.00
2017-05-09,com.letfreex,HNNEM-H,5.00,5.00
2017-05-09,com.letfreex,HS8937QC,NA,5.00
2017-05-09,com.letfreex,HWBLN-H,NA,4.00
2017-05-09,com.letfreex,HWCAN,5.00,5.00
2017-05-09,com.letfreex,HWCRR,NA,4.75
2017-05-09,com.letfreex,HWEVA,NA,4.50
2017-05-09,com.letfreex,HWFRD,NA,5.00
2017-05-09,com.letfreex,HWGRA,NA,5.00
2017-05-09,com.letfreex,HWLUA-L6735,5.00,5.00
2017-05-09,com.letfreex,HWLYO-L6735,NA,5.00
2017-05-09,com.letfreex,HWNXT,4.00,4.00
2017-05-09,com.letfreex,HWPLK,NA,5.00
2017-05-09,com.letfreex,HWPRA-H,NA,5.00
2017-05-09,com.letfreex,HWTAG-L6753,NA,5.00
2017-05-09,com.letfreex,HWVIE,NA,5.00
2017-05-09,com.letfreex,HWVNS-H,NA,4.94
2017-05-09,com.letfreex,HWY560-L,NA,5.00
2017-05-09,com.letfreex,HiBox-hero,NA,5.00
2017-05-09,com.letfreex,K00E,4.00,4.00
2017-05-09,com.letfreex,K013_1,5.00,5.00
2017-05-09,com.letfreex,K016_1,NA,5.00
2017-05-09,com.letfreex,M3s,NA,5.00
2017-05-09,com.letfreex,ME173X,NA,5.00
2017-05-09,com.letfreex,MFC_6,NA,5.00
2017-05-09,com.letfreex,NEXBOX_A1,5.00,5.00
2017-05-09,com.letfreex,OnePlus3,NA,5.00
2017-05-09,com.letfreex,OnePlus3T,5.00,4.33
2017-05-09,com.letfreex,P01Y,NA,1.00
2017-05-09,com.letfreex,P021_1,NA,5.00
2017-05-09,com.letfreex,P023_1,5.00,5.00
2017-05-09,com.letfreex,P024_1,NA,5.00
2017-05-09,com.letfreex,P027,NA,5.00
2017-05-09,com.letfreex,P2a42,NA,5.00
2017-05-09,com.letfreex,P4601AN,NA,5.00
2017-05-09,com.letfreex,P653A10,NA,5.00
2017-05-09,com.letfreex,P6601AE,4.00,4.00
2017-05-09,com.letfreex,PIXI4_5_4G,NA,5.00
2017-05-09,com.letfreex,Paris_X,NA,5.00
2017-05-09,com.letfreex,PhonePad Duo,NA,5.00
2017-05-09,com.letfreex,SM-G935F,NA,5.00
2017-05-09,com.letfreex,V2802AN,NA,5.00
2017-05-09,com.letfreex,V3750AN,NA,5.00
2017-05-09,com.letfreex,VFD500,NA,5.00
2017-05-09,com.letfreex,Z008_1,NA,5.00
2017-05-09,com.letfreex,Z00A,5.00,4.89
2017-05-09,com.letfreex,Z01B_1,NA,5.00
2017-05-09,com.letfreex,ZTE_BLADE_V0730,5.00,5.00
2017-05-09,com.letfreex,a3ulte,NA,5.00
2017-05-09,com.letfreex,a3xelte,5.00,5.00
2017-05-09,com.letfreex,a5ulte,NA,5.00
2017-05-09,com.letfreex,a5xelte,5.00,5.00
2017-05-09,com.letfreex,a5y17lte,5.00,5.00
2017-05-09,com.letfreex,a7alte,NA,5.00
2017-05-09,com.letfreex,ac50fhe,NA,5.00
2017-05-09,com.letfreex,ac50po,NA,5.00
2017-05-09,com.letfreex,ailsa_ii,NA,5.00
2017-05-09,com.letfreex,alicee,NA,5.00
2017-05-09,com.letfreex,angler,NA,5.00
2017-05-09,com.letfreex,athene,NA,5.00
2017-05-09,com.letfreex,baffinlite,5.00,5.00
2017-05-09,com.letfreex,bullhead,NA,5.00
2017-05-09,com.letfreex,c50n,5.00,5.00
2017-05-09,com.letfreex,cedric,NA,5.00
2017-05-09,com.letfreex,clark,NA,5.00
2017-05-09,com.letfreex,coreprimevelte,NA,3.00
2017-05-09,com.letfreex,d802,NA,4.50
2017-05-09,com.letfreex,dreamlte,NA,5.00
2017-05-09,com.letfreex,ducati2hd3g,NA,5.00
2017-05-09,com.letfreex,g2m,NA,5.00
2017-05-09,com.letfreex,g3,5.00,4.50
2017-05-09,com.letfreex,gemini,5.00,5.00
2017-05-09,com.letfreex,goyawifi,NA,5.00
2017-05-09,com.letfreex,grandneove3g,NA,5.00
2017-05-09,com.letfreex,grandprimelte,NA,5.00
2017-05-09,com.letfreex,grandprimevelte,NA,5.00
2017-05-09,com.letfreex,gt510wifi,NA,5.00
2017-05-09,com.letfreex,gtel3g,NA,5.00
2017-05-09,com.letfreex,h1,5.00,5.00
2017-05-09,com.letfreex,h910be_v11_p_yx_a10b_r6,NA,4.00
2017-05-09,com.letfreex,hammerhead,4.00,4.50
2017-05-09,com.letfreex,heatqlte,NA,5.00
2017-05-09,com.letfreex,hero2lte,5.00,4.75
2017-05-09,com.letfreex,herolte,NA,5.00
2017-05-09,com.letfreex,hllte,NA,5.00
2017-05-09,com.letfreex,hlte,NA,5.00
2017-05-09,com.letfreex,hlteatt,5.00,5.00
2017-05-09,com.letfreex,htc_himauhl,NA,5.00
2017-05-09,com.letfreex,hwALE-H,4.75,4.92
2017-05-09,com.letfreex,hwG7-L01,NA,5.00
2017-05-09,com.letfreex,hwG750-U10,NA,5.00
2017-05-09,com.letfreex,hwH60,NA,5.00
2017-05-09,com.letfreex,hwSCL-Q,NA,5.00
2017-05-09,com.letfreex,hwY530-U00,NA,5.00
2017-05-09,com.letfreex,hwY635,NA,4.00
2017-05-09,com.letfreex,hwmt7,NA,5.00
2017-05-09,com.letfreex,ido,NA,3.00
2017-05-09,com.letfreex,j3xnlte,NA,4.50
2017-05-09,com.letfreex,j5nlte,5.00,4.71
2017-05-09,com.letfreex,j5xnlte,5.00,5.00
2017-05-09,com.letfreex,j7xelte,NA,5.00
2017-05-09,com.letfreex,jagnm,NA,5.00
2017-05-09,com.letfreex,jflte,5.00,4.33
2017-05-09,com.letfreex,jfvelte,NA,5.00
2017-05-09,com.letfreex,kanas3gnfc,NA,5.00
2017-05-09,com.letfreex,kenzo,NA,5.00
2017-05-09,com.letfreex,klte,5.00,4.92
2017-05-09,com.letfreex,kminilte,5.00,4.60
2017-05-09,com.letfreex,l5460,NA,5.00
2017-05-09,com.letfreex,le_s2_na,NA,5.00
2017-05-09,com.letfreex,le_s2_ww,NA,5.00
2017-05-09,com.letfreex,lt013g,NA,2.00
2017-05-09,com.letfreex,lt01wifi,NA,5.00
2017-05-09,com.letfreex,lucye,5.00,5.00
2017-05-09,com.letfreex,m0,NA,5.00
2017-05-09,com.letfreex,m2note,NA,5.00
2017-05-09,com.letfreex,m3note,NA,5.00
2017-05-09,com.letfreex,m7,NA,5.00
2017-05-09,com.letfreex,markw,5.00,5.00
2017-05-09,com.letfreex,matisselte,5.00,4.50
2017-05-09,com.letfreex,meliuslte,NA,5.00
2017-05-09,com.letfreex,mido,NA,4.00
2017-05-09,com.letfreex,mx4pro,NA,5.00
2017-05-09,com.letfreex,natrium,NA,5.00
2017-05-09,com.letfreex,nikel,NA,5.00
2017-05-09,com.letfreex,p1,5.00,5.00
2017-05-09,com.letfreex,polaris-inet,NA,5.00
2017-05-09,com.letfreex,q201_9377,NA,5.00
2017-05-09,com.letfreex,s3ve3g,4.00,4.50
2017-05-09,com.letfreex,s5201ap,NA,5.00
2017-05-09,com.letfreex,s5250,5.00,5.00
2017-05-09,com.letfreex,s5neolte,5.00,5.00
2017-05-09,com.letfreex,santos103g,NA,5.00
2017-05-09,com.letfreex,santos10wifi,NA,5.00
2017-05-09,com.letfreex,serranolte,NA,5.00
2017-05-09,com.letfreex,serranovelte,NA,5.00
2017-05-09,com.letfreex,slte,5.00,5.00
2017-05-09,com.letfreex,surnia_umts,NA,5.00
2017-05-09,com.letfreex,t03g,5.00,5.00
2017-05-09,com.letfreex,titan_umtsds,NA,5.00
2017-05-09,com.letfreex,trelte,NA,5.00
2017-05-09,com.letfreex,trlte,NA,5.00
2017-05-09,com.letfreex,vbox86p,NA,5.00
2017-05-09,com.letfreex,x600,5.00,5.00
2017-05-09,com.letfreex,zenlte,NA,5.00
2017-05-09,com.letfreex,zeroflte,4.80,4.76
2017-05-09,com.letfreex,zerolte,NA,5.00
2017-05-10,com.letfreex,,5.00,5.00
2017-05-10,com.letfreex,A0001,NA,5.00
2017-05-10,com.letfreex,A95X,NA,5.00
2017-05-10,com.letfreex,ASUS_T00J1,NA,5.00
2017-05-10,com.letfreex,ASUS_X008_1,5.00,5.00
2017-05-10,com.letfreex,ASUS_Z00L_63,NA,5.00
2017-05-10,com.letfreex,ASUS_Z00U_1,NA,5.00
2017-05-10,com.letfreex,ASUS_Z010,NA,5.00
2017-05-10,com.letfreex,ASUS_Z017D_1,NA,4.33
2017-05-10,com.letfreex,AVENUE_5.5,NA,5.00
2017-05-10,com.letfreex,D5803,NA,5.00
2017-05-10,com.letfreex,D6603,NA,5.00
2017-05-10,com.letfreex,DAGGER-DG550,NA,5.00
2017-05-10,com.letfreex,E2303,NA,5.00
2017-05-10,com.letfreex,E5303,NA,5.00
2017-05-10,com.letfreex,HM2014811,NA,5.00
2017-05-10,com.letfreex,HNNEM-H,NA,5.00
2017-05-10,com.letfreex,HS8937QC,NA,5.00
2017-05-10,com.letfreex,HWBLN-H,5.00,4.33
2017-05-10,com.letfreex,HWCAN,NA,5.00
2017-05-10,com.letfreex,HWCRR,NA,4.75
2017-05-10,com.letfreex,HWEVA,NA,4.50
2017-05-10,com.letfreex,HWFRD,5.00,5.00
2017-05-10,com.letfreex,HWGRA,NA,5.00
2017-05-10,com.letfreex,HWLUA-L6735,NA,5.00
2017-05-10,com.letfreex,HWLYO-L6735,NA,5.00
2017-05-10,com.letfreex,HWNXT,5.00,4.50
2017-05-10,com.letfreex,HWPLK,NA,5.00
2017-05-10,com.letfreex,HWPRA-H,NA,5.00
2017-05-10,com.letfreex,HWTAG-L6753,NA,5.00
2017-05-10,com.letfreex,HWVIE,5.00,5.00
2017-05-10,com.letfreex,HWVNS-H,5.00,4.94
2017-05-10,com.letfreex,HWY560-L,NA,5.00
2017-05-10,com.letfreex,HiBox-hero,NA,5.00
2017-05-10,com.letfreex,K00E,NA,4.00
2017-05-10,com.letfreex,K013_1,NA,5.00
2017-05-10,com.letfreex,K016_1,NA,5.00
2017-05-10,com.letfreex,M3s,NA,5.00
2017-05-10,com.letfreex,ME173X,NA,5.00
2017-05-10,com.letfreex,MFC_6,NA,5.00
2017-05-10,com.letfreex,NEXBOX_A1,NA,5.00
2017-05-10,com.letfreex,OnePlus3,NA,5.00
2017-05-10,com.letfreex,OnePlus3T,NA,4.33
2017-05-10,com.letfreex,P01Y,NA,1.00
2017-05-10,com.letfreex,P021_1,NA,5.00
2017-05-10,com.letfreex,P023_1,NA,5.00
2017-05-10,com.letfreex,P024_1,NA,5.00
2017-05-10,com.letfreex,P027,NA,5.00
2017-05-10,com.letfreex,P2a42,NA,5.00
2017-05-10,com.letfreex,P4601AN,NA,5.00
2017-05-10,com.letfreex,P653A10,NA,5.00
2017-05-10,com.letfreex,P6601AE,NA,4.00
2017-05-10,com.letfreex,PIXI4_5_4G,NA,5.00
2017-05-10,com.letfreex,Paris_X,NA,5.00
2017-05-10,com.letfreex,PhonePad Duo,NA,5.00
2017-05-10,com.letfreex,SM-G935F,NA,5.00
2017-05-10,com.letfreex,TB3-710I,5.00,5.00
2017-05-10,com.letfreex,V2802AN,NA,5.00
2017-05-10,com.letfreex,V3702AN,5.00,5.00
2017-05-10,com.letfreex,V3750AN,NA,5.00
2017-05-10,com.letfreex,VFD500,NA,5.00
2017-05-10,com.letfreex,Z008_1,NA,5.00
2017-05-10,com.letfreex,Z00A,NA,4.89
2017-05-10,com.letfreex,Z01B_1,NA,5.00
2017-05-10,com.letfreex,ZTE_BLADE_V0730,NA,5.00
2017-05-10,com.letfreex,a3ulte,NA,5.00
2017-05-10,com.letfreex,a3xelte,NA,5.00
2017-05-10,com.letfreex,a5ulte,NA,5.00
2017-05-10,com.letfreex,a5xelte,NA,5.00
2017-05-10,com.letfreex,a5y17lte,NA,5.00
2017-05-10,com.letfreex,a7alte,NA,5.00
2017-05-10,com.letfreex,ac50fhe,NA,5.00
2017-05-10,com.letfreex,ac50po,NA,5.00
2017-05-10,com.letfreex,ailsa_ii,NA,5.00
2017-05-10,com.letfreex,alicee,NA,5.00
2017-05-10,com.letfreex,angler,NA,5.00
2017-05-10,com.letfreex,athene,NA,5.00
2017-05-10,com.letfreex,baffinlite,NA,5.00
2017-05-10,com.letfreex,bullhead,NA,5.00
2017-05-10,com.letfreex,c50n,NA,5.00
2017-05-10,com.letfreex,cedric,NA,5.00
2017-05-10,com.letfreex,clark,NA,5.00
2017-05-10,com.letfreex,coreprimevelte,NA,3.00
2017-05-10,com.letfreex,d802,NA,4.50
2017-05-10,com.letfreex,dreamlte,NA,5.00
2017-05-10,com.letfreex,ducati2hd3g,NA,5.00
2017-05-10,com.letfreex,flounder,4.00,4.00
2017-05-10,com.letfreex,g2m,NA,5.00
2017-05-10,com.letfreex,g3,NA,4.50
2017-05-10,com.letfreex,gemini,NA,5.00
2017-05-10,com.letfreex,goyawifi,NA,5.00
2017-05-10,com.letfreex,grandneove3g,NA,5.00
2017-05-10,com.letfreex,grandprimelte,NA,5.00
2017-05-10,com.letfreex,grandprimevelte,NA,5.00
2017-05-10,com.letfreex,gt510wifi,NA,5.00
2017-05-10,com.letfreex,gtel3g,NA,5.00
2017-05-10,com.letfreex,h1,NA,5.00
2017-05-10,com.letfreex,h910be_v11_p_yx_a10b_r6,NA,4.00
2017-05-10,com.letfreex,hammerhead,NA,4.50
2017-05-10,com.letfreex,heatqlte,NA,5.00
2017-05-10,com.letfreex,hero2lte,5.00,4.79
2017-05-10,com.letfreex,herolte,NA,5.00
2017-05-10,com.letfreex,hllte,NA,5.00
2017-05-10,com.letfreex,hlte,NA,5.00
2017-05-10,com.letfreex,hlteatt,NA,5.00
2017-05-10,com.letfreex,htc_himauhl,NA,5.00
2017-05-10,com.letfreex,hwALE-H,NA,4.92
2017-05-10,com.letfreex,hwG7-L01,NA,5.00
2017-05-10,com.letfreex,hwG750-U10,NA,5.00
2017-05-10,com.letfreex,hwH60,NA,5.00
2017-05-10,com.letfreex,hwRIO-L01,5.00,5.00
2017-05-10,com.letfreex,hwSCL-Q,NA,5.00
2017-05-10,com.letfreex,hwY530-U00,NA,5.00
2017-05-10,com.letfreex,hwY635,NA,4.00
2017-05-10,com.letfreex,hwmt7,NA,5.00
2017-05-10,com.letfreex,ido,5.00,4.00
2017-05-10,com.letfreex,j3xnlte,5.00,4.75
2017-05-10,com.letfreex,j5nlte,5.00,4.78
2017-05-10,com.letfreex,j5xnlte,5.00,5.00
2017-05-10,com.letfreex,j7xelte,NA,5.00
2017-05-10,com.letfreex,jagnm,NA,5.00
2017-05-10,com.letfreex,jflte,5.00,4.43
2017-05-10,com.letfreex,jfvelte,5.00,5.00
2017-05-10,com.letfreex,kanas3gnfc,NA,5.00
2017-05-10,com.letfreex,kenzo,NA,5.00
2017-05-10,com.letfreex,klte,NA,4.92
2017-05-10,com.letfreex,kminilte,NA,4.60
2017-05-10,com.letfreex,l5460,5.00,5.00
2017-05-10,com.letfreex,le_s2_na,NA,5.00
2017-05-10,com.letfreex,le_s2_ww,NA,5.00
2017-05-10,com.letfreex,lt013g,NA,2.00
2017-05-10,com.letfreex,lt01wifi,NA,5.00
2017-05-10,com.letfreex,lucye,NA,5.00
2017-05-10,com.letfreex,m0,NA,5.00
2017-05-10,com.letfreex,m2note,NA,5.00
2017-05-10,com.letfreex,m3note,NA,5.00
2017-05-10,com.letfreex,m7,NA,5.00
2017-05-10,com.letfreex,markw,NA,5.00
2017-05-10,com.letfreex,matisselte,NA,4.50
2017-05-10,com.letfreex,meliuslte,NA,5.00
2017-05-10,com.letfreex,mido,NA,4.00
2017-05-10,com.letfreex,milletlte,5.00,5.00
2017-05-10,com.letfreex,mx4pro,NA,5.00
2017-05-10,com.letfreex,mx5,5.00,5.00
2017-05-10,com.letfreex,natrium,NA,5.00
2017-05-10,com.letfreex,nikel,NA,5.00
2017-05-10,com.letfreex,p1,NA,5.00
2017-05-10,com.letfreex,polaris-inet,NA,5.00
2017-05-10,com.letfreex,q201_9377,NA,5.00
2017-05-10,com.letfreex,s3ve3g,5.00,4.57
2017-05-10,com.letfreex,s5201ap,NA,5.00
2017-05-10,com.letfreex,s5250,NA,5.00
2017-05-10,com.letfreex,s5neolte,NA,5.00
2017-05-10,com.letfreex,santos103g,NA,5.00
2017-05-10,com.letfreex,santos10wifi,NA,5.00
2017-05-10,com.letfreex,serranolte,NA,5.00
2017-05-10,com.letfreex,serranovelte,NA,5.00
2017-05-10,com.letfreex,slte,NA,5.00
2017-05-10,com.letfreex,surnia_umts,NA,5.00
2017-05-10,com.letfreex,t03g,NA,5.00
2017-05-10,com.letfreex,titan_umtsds,NA,5.00
2017-05-10,com.letfreex,trelte,NA,5.00
2017-05-10,com.letfreex,trlte,NA,5.00
2017-05-10,com.letfreex,vbox86p,NA,5.00
2017-05-10,com.letfreex,x600,NA,5.00
2017-05-10,com.letfreex,zenlte,NA,5.00
2017-05-10,com.letfreex,zeroflte,5.00,4.79
2017-05-10,com.letfreex,zerolte,5.00,5.00
2017-05-11,com.letfreex,,NA,5.00
2017-05-11,com.letfreex,A0001,NA,5.00
2017-05-11,com.letfreex,A95X,NA,5.00
2017-05-11,com.letfreex,ASUS_T00J1,NA,5.00
2017-05-11,com.letfreex,ASUS_X008_1,NA,5.00
2017-05-11,com.letfreex,ASUS_X013D_2,5.00,5.00
2017-05-11,com.letfreex,ASUS_Z00E_4,5.00,5.00
2017-05-11,com.letfreex,ASUS_Z00L_63,NA,5.00
2017-05-11,com.letfreex,ASUS_Z00U_1,NA,5.00
2017-05-11,com.letfreex,ASUS_Z010,NA,5.00
2017-05-11,com.letfreex,ASUS_Z017D_1,NA,4.33
2017-05-11,com.letfreex,AVENUE_5.5,NA,5.00
2017-05-11,com.letfreex,D5803,NA,5.00
2017-05-11,com.letfreex,D6603,NA,5.00
2017-05-11,com.letfreex,DAGGER-DG550,NA,5.00
2017-05-11,com.letfreex,E2303,NA,5.00
2017-05-11,com.letfreex,E5303,NA,5.00
2017-05-11,com.letfreex,HM2014811,NA,5.00
2017-05-11,com.letfreex,HNNEM-H,NA,5.00
2017-05-11,com.letfreex,HS8937QC,NA,5.00
2017-05-11,com.letfreex,HWBLN-H,NA,4.33
2017-05-11,com.letfreex,HWCAN,NA,5.00
2017-05-11,com.letfreex,HWCRR,NA,4.75
2017-05-11,com.letfreex,HWEVA,NA,4.50
2017-05-11,com.letfreex,HWFRD,NA,5.00
2017-05-11,com.letfreex,HWGRA,NA,5.00
2017-05-11,com.letfreex,HWLUA-L6735,NA,5.00
2017-05-11,com.letfreex,HWLYO-L6735,NA,5.00
2017-05-11,com.letfreex,HWNXT,NA,4.50
2017-05-11,com.letfreex,HWPLK,NA,5.00
2017-05-11,com.letfreex,HWPRA-H,NA,5.00
2017-05-11,com.letfreex,HWTAG-L6753,3.00,4.33
2017-05-11,com.letfreex,HWVIE,NA,5.00
2017-05-11,com.letfreex,HWVNS-H,1.00,4.72
2017-05-11,com.letfreex,HWY560-L,NA,5.00
2017-05-11,com.letfreex,HiBox-hero,NA,5.00
2017-05-11,com.letfreex,K00E,NA,4.00
2017-05-11,com.letfreex,K013_1,NA,5.00
2017-05-11,com.letfreex,K016_1,NA,5.00
2017-05-11,com.letfreex,M3s,NA,5.00
2017-05-11,com.letfreex,ME173X,NA,5.00
2017-05-11,com.letfreex,MFC_6,NA,5.00
2017-05-11,com.letfreex,NEXBOX_A1,NA,5.00
2017-05-11,com.letfreex,OnePlus3,NA,5.00
2017-05-11,com.letfreex,OnePlus3T,NA,4.33
2017-05-11,com.letfreex,P01Y,NA,1.00
2017-05-11,com.letfreex,P021_1,NA,5.00
2017-05-11,com.letfreex,P023_1,NA,5.00
2017-05-11,com.letfreex,P024_1,NA,5.00
2017-05-11,com.letfreex,P027,NA,5.00
2017-05-11,com.letfreex,P2a42,NA,5.00
2017-05-11,com.letfreex,P4601AN,NA,5.00
2017-05-11,com.letfreex,P653A10,NA,5.00
2017-05-11,com.letfreex,P6601AE,NA,4.00
2017-05-11,com.letfreex,PIXI4_5_4G,NA,5.00
2017-05-11,com.letfreex,Paris_X,NA,5.00
2017-05-11,com.letfreex,PhonePad Duo,NA,5.00
2017-05-11,com.letfreex,Pixi3-10_WiFi,5.00,5.00
2017-05-11,com.letfreex,SM-G935F,NA,5.00
2017-05-11,com.letfreex,TB3-710I,NA,5.00
2017-05-11,com.letfreex,UMI_SUPER,5.00,5.00
2017-05-11,com.letfreex,V2802AN,5.00,5.00
2017-05-11,com.letfreex,V3702AN,5.00,5.00
2017-05-11,com.letfreex,V3750AN,NA,5.00
2017-05-11,com.letfreex,VFD500,NA,5.00
2017-05-11,com.letfreex,Z008_1,NA,5.00
2017-05-11,com.letfreex,Z00A,5.00,4.90
2017-05-11,com.letfreex,Z01B_1,NA,5.00
2017-05-11,com.letfreex,ZTE_BLADE_V0730,NA,5.00
2017-05-11,com.letfreex,a3ulte,NA,5.00
2017-05-11,com.letfreex,a3xelte,1.00,4.50
2017-05-11,com.letfreex,a5ulte,NA,5.00
2017-05-11,com.letfreex,a5xelte,3.00,4.33
2017-05-11,com.letfreex,a5y17lte,NA,5.00
2017-05-11,com.letfreex,a7alte,NA,5.00
2017-05-11,com.letfreex,ac50fhe,NA,5.00
2017-05-11,com.letfreex,ac50po,NA,5.00
2017-05-11,com.letfreex,ailsa_ii,NA,5.00
2017-05-11,com.letfreex,alicee,NA,5.00
2017-05-11,com.letfreex,angler,NA,5.00
2017-05-11,com.letfreex,athene,NA,5.00
2017-05-11,com.letfreex,baffinlite,NA,5.00
2017-05-11,com.letfreex,bullhead,NA,5.00
2017-05-11,com.letfreex,c50n,NA,5.00
2017-05-11,com.letfreex,cedric,NA,5.00
2017-05-11,com.letfreex,clark,NA,5.00
2017-05-11,com.letfreex,coreprimevelte,NA,3.00
2017-05-11,com.letfreex,d802,NA,4.50
2017-05-11,com.letfreex,dreamlte,NA,5.00
2017-05-11,com.letfreex,ducati2hd3g,NA,5.00
2017-05-11,com.letfreex,flounder,NA,4.00
2017-05-11,com.letfreex,g2m,NA,5.00
2017-05-11,com.letfreex,g3,5.00,4.67
2017-05-11,com.letfreex,gemini,NA,5.00
2017-05-11,com.letfreex,goyawifi,NA,5.00
2017-05-11,com.letfreex,grandneove3g,NA,5.00
2017-05-11,com.letfreex,grandprimelte,NA,5.00
2017-05-11,com.letfreex,grandprimeve3g,1.00,1.00
2017-05-11,com.letfreex,grandprimevelte,1.00,3.00
2017-05-11,com.letfreex,gt510wifi,NA,5.00
2017-05-11,com.letfreex,gtel3g,NA,5.00
2017-05-11,com.letfreex,h1,NA,5.00
2017-05-11,com.letfreex,h910be_v11_p_yx_a10b_r6,NA,4.00
2017-05-11,com.letfreex,hammerhead,NA,4.50
2017-05-11,com.letfreex,heatqlte,NA,5.00
2017-05-11,com.letfreex,hero2lte,5.00,4.80
2017-05-11,com.letfreex,herolte,5.00,5.00
2017-05-11,com.letfreex,hllte,NA,5.00
2017-05-11,com.letfreex,hlte,NA,5.00
2017-05-11,com.letfreex,hlteatt,NA,5.00
2017-05-11,com.letfreex,htc_a31ul,5.00,5.00
2017-05-11,com.letfreex,htc_himauhl,NA,5.00
2017-05-11,com.letfreex,hwALE-H,4.20,4.79
2017-05-11,com.letfreex,hwG7-L01,NA,5.00
2017-05-11,com.letfreex,hwG750-U10,NA,5.00
2017-05-11,com.letfreex,hwH60,NA,5.00
2017-05-11,com.letfreex,hwRIO-L01,NA,5.00
2017-05-11,com.letfreex,hwSCL-Q,NA,5.00
2017-05-11,com.letfreex,hwY530-U00,NA,5.00
2017-05-11,com.letfreex,hwY635,NA,4.00
2017-05-11,com.letfreex,hwmt7,NA,5.00
2017-05-11,com.letfreex,ido,NA,4.00
2017-05-11,com.letfreex,j3xnlte,NA,4.75
2017-05-11,com.letfreex,j5nlte,5.00,4.80
2017-05-11,com.letfreex,j5xnlte,NA,5.00
2017-05-11,com.letfreex,j7xelte,5.00,5.00
2017-05-11,com.letfreex,jagnm,NA,5.00
2017-05-11,com.letfreex,jflte,NA,4.43
2017-05-11,com.letfreex,jfvelte,NA,5.00
2017-05-11,com.letfreex,kanas3gnfc,5.00,5.00
2017-05-11,com.letfreex,kenzo,NA,5.00
2017-05-11,com.letfreex,klte,4.50,4.87
2017-05-11,com.letfreex,kminilte,NA,4.60
2017-05-11,com.letfreex,l5460,NA,5.00
2017-05-11,com.letfreex,le_s2_na,NA,5.00
2017-05-11,com.letfreex,le_s2_ww,NA,5.00
2017-05-11,com.letfreex,lt013g,NA,2.00
2017-05-11,com.letfreex,lt01wifi,NA,5.00
2017-05-11,com.letfreex,lucye,NA,5.00
2017-05-11,com.letfreex,m0,NA,5.00
2017-05-11,com.letfreex,m2note,NA,5.00
2017-05-11,com.letfreex,m3note,NA,5.00
2017-05-11,com.letfreex,m7,NA,5.00
2017-05-11,com.letfreex,markw,5.00,5.00
2017-05-11,com.letfreex,matisselte,NA,4.50
2017-05-11,com.letfreex,meliuslte,NA,5.00
2017-05-11,com.letfreex,mido,NA,4.00
2017-05-11,com.letfreex,milletlte,NA,5.00
2017-05-11,com.letfreex,mx4pro,NA,5.00
2017-05-11,com.letfreex,mx5,NA,5.00
2017-05-11,com.letfreex,my50,5.00,5.00
2017-05-11,com.letfreex,natrium,NA,5.00
2017-05-11,com.letfreex,nikel,NA,5.00
2017-05-11,com.letfreex,p1,1.00,4.33
2017-05-11,com.letfreex,polaris-inet,NA,5.00
2017-05-11,com.letfreex,q201_9377,NA,5.00
2017-05-11,com.letfreex,s3ve3g,5.00,4.63
2017-05-11,com.letfreex,s5201ap,NA,5.00
2017-05-11,com.letfreex,s5250,5.00,5.00
2017-05-11,com.letfreex,s5neolte,NA,5.00
2017-05-11,com.letfreex,santos103g,NA,5.00
2017-05-11,com.letfreex,santos10wifi,5.00,5.00
2017-05-11,com.letfreex,serranolte,NA,5.00
2017-05-11,com.letfreex,serranovelte,NA,5.00
2017-05-11,com.letfreex,slte,NA,5.00
2017-05-11,com.letfreex,surnia_umts,NA,5.00
2017-05-11,com.letfreex,t03g,5.00,5.00
2017-05-11,com.letfreex,titan_umtsds,NA,5.00
2017-05-11,com.letfreex,trelte,NA,5.00
2017-05-11,com.letfreex,trlte,NA,5.00
2017-05-11,com.letfreex,vbox86p,NA,5.00
2017-05-11,com.letfreex,x600,NA,5.00
2017-05-11,com.letfreex,zenlte,NA,5.00
2017-05-11,com.letfreex,zeroflte,5.00,4.81
2017-05-11,com.letfreex,zerolte,5.00,5.00
2017-05-12,com.letfreex,,NA,5.00
2017-05-12,com.letfreex,A0001,NA,5.00
2017-05-12,com.letfreex,A95X,NA,5.00
2017-05-12,com.letfreex,ASUS_T00J1,NA,5.00
2017-05-12,com.letfreex,ASUS_X008,5.00,5.00
2017-05-12,com.letfreex,ASUS_X008_1,NA,5.00
2017-05-12,com.letfreex,ASUS_X013D_2,NA,5.00
2017-05-12,com.letfreex,ASUS_Z00E_4,NA,5.00
2017-05-12,com.letfreex,ASUS_Z00L_63,NA,5.00
2017-05-12,com.letfreex,ASUS_Z00U_1,NA,5.00
2017-05-12,com.letfreex,ASUS_Z010,NA,5.00
2017-05-12,com.letfreex,ASUS_Z017D_1,NA,4.33
2017-05-12,com.letfreex,AVENUE_5.5,NA,5.00
2017-05-12,com.letfreex,C6603,4.00,4.00
2017-05-12,com.letfreex,D5803,NA,5.00
2017-05-12,com.letfreex,D6603,NA,5.00
2017-05-12,com.letfreex,DAGGER-DG550,NA,5.00
2017-05-12,com.letfreex,E2303,NA,5.00
2017-05-12,com.letfreex,E5303,NA,5.00
2017-05-12,com.letfreex,HM2014811,NA,5.00
2017-05-12,com.letfreex,HNNEM-H,NA,5.00
2017-05-12,com.letfreex,HS8937QC,NA,5.00
2017-05-12,com.letfreex,HWBLN-H,5.00,4.50
2017-05-12,com.letfreex,HWCAN,NA,5.00
2017-05-12,com.letfreex,HWCRR,NA,4.75
2017-05-12,com.letfreex,HWEVA,NA,4.50
2017-05-12,com.letfreex,HWFRD,5.00,5.00
2017-05-12,com.letfreex,HWGRA,5.00,5.00
2017-05-12,com.letfreex,HWLUA-L6735,NA,5.00
2017-05-12,com.letfreex,HWLYO-L6735,NA,5.00
2017-05-12,com.letfreex,HWNXT,NA,4.50
2017-05-12,com.letfreex,HWPLK,NA,5.00
2017-05-12,com.letfreex,HWPRA-H,NA,5.00
2017-05-12,com.letfreex,HWTAG-L6753,NA,4.33
2017-05-12,com.letfreex,HWVIE,NA,5.00
2017-05-12,com.letfreex,HWVNS-H,2.00,4.58
2017-05-12,com.letfreex,HWY560-L,NA,5.00
2017-05-12,com.letfreex,HWY625-U,5.00,5.00
2017-05-12,com.letfreex,HiBox-hero,NA,5.00
2017-05-12,com.letfreex,K00E,NA,4.00
2017-05-12,com.letfreex,K013_1,NA,5.00
2017-05-12,com.letfreex,K016_1,NA,5.00
2017-05-12,com.letfreex,M3s,NA,5.00
2017-05-12,com.letfreex,ME173X,NA,5.00
2017-05-12,com.letfreex,MFC_6,NA,5.00
2017-05-12,com.letfreex,NEXBOX_A1,NA,5.00
2017-05-12,com.letfreex,OnePlus3,NA,5.00
2017-05-12,com.letfreex,OnePlus3T,5.00,4.50
2017-05-12,com.letfreex,P01Y,NA,1.00
2017-05-12,com.letfreex,P021_1,NA,5.00
2017-05-12,com.letfreex,P023_1,NA,5.00
2017-05-12,com.letfreex,P024_1,NA,5.00
2017-05-12,com.letfreex,P027,NA,5.00
2017-05-12,com.letfreex,P2a42,NA,5.00
2017-05-12,com.letfreex,P4601AN,NA,5.00
2017-05-12,com.letfreex,P653A10,NA,5.00
2017-05-12,com.letfreex,P6601AE,NA,4.00
2017-05-12,com.letfreex,PIXI4_5_4G,NA,5.00
2017-05-12,com.letfreex,Paris_X,NA,5.00
2017-05-12,com.letfreex,PhonePad Duo,NA,5.00
2017-05-12,com.letfreex,Pixi3-10_WiFi,NA,5.00
2017-05-12,com.letfreex,SM-G935F,NA,5.00
2017-05-12,com.letfreex,TB3-710I,NA,5.00
2017-05-12,com.letfreex,UMI_SUPER,NA,5.00
2017-05-12,com.letfreex,V2802AN,NA,5.00
2017-05-12,com.letfreex,V3702AN,NA,5.00
2017-05-12,com.letfreex,V3750AN,NA,5.00
2017-05-12,com.letfreex,VFD500,NA,5.00
2017-05-12,com.letfreex,Vodafone890N,5.00,5.00
2017-05-12,com.letfreex,Z008_1,NA,5.00
2017-05-12,com.letfreex,Z00A,5.00,4.91
2017-05-12,com.letfreex,Z01B_1,NA,5.00
2017-05-12,com.letfreex,ZTE_BLADE_V0730,NA,5.00
2017-05-12,com.letfreex,a3ulte,NA,5.00
2017-05-12,com.letfreex,a3xelte,NA,4.50
2017-05-12,com.letfreex,a5ulte,5.00,5.00
2017-05-12,com.letfreex,a5xelte,NA,4.33
2017-05-12,com.letfreex,a5y17lte,NA,5.00
2017-05-12,com.letfreex,a7alte,NA,5.00
2017-05-12,com.letfreex,ac50fhe,NA,5.00
2017-05-12,com.letfreex,ac50po,NA,5.00
2017-05-12,com.letfreex,ailsa_ii,NA,5.00
2017-05-12,com.letfreex,alicee,NA,5.00
2017-05-12,com.letfreex,angler,NA,5.00
2017-05-12,com.letfreex,athene,NA,5.00
2017-05-12,com.letfreex,baffinlite,NA,5.00
2017-05-12,com.letfreex,bullhead,5.00,5.00
2017-05-12,com.letfreex,c50n,NA,5.00
2017-05-12,com.letfreex,cedric,NA,5.00
2017-05-12,com.letfreex,chagalllte,5.00,5.00
2017-05-12,com.letfreex,clark,NA,5.00
2017-05-12,com.letfreex,coreprimevelte,NA,3.00
2017-05-12,com.letfreex,d802,NA,4.50
2017-05-12,com.letfreex,dreamlte,NA,5.00
2017-05-12,com.letfreex,ducati2hd3g,NA,5.00
2017-05-12,com.letfreex,flounder,NA,4.00
2017-05-12,com.letfreex,g2m,NA,5.00
2017-05-12,com.letfreex,g3,NA,4.67
2017-05-12,com.letfreex,gemini,NA,5.00
2017-05-12,com.letfreex,goyawifi,NA,5.00
2017-05-12,com.letfreex,grandneove3g,3.00,4.43
2017-05-12,com.letfreex,grandprimelte,NA,5.00
2017-05-12,com.letfreex,grandprimeve3g,NA,1.00
2017-05-12,com.letfreex,grandprimevelte,NA,3.00
2017-05-12,com.letfreex,gt510wifi,NA,5.00
2017-05-12,com.letfreex,gtaxllte,2.00,2.00
2017-05-12,com.letfreex,gtel3g,NA,5.00
2017-05-12,com.letfreex,h1,NA,5.00
2017-05-12,com.letfreex,h910be_v11_p_yx_a10b_r6,NA,4.00
2017-05-12,com.letfreex,hammerhead,5.00,4.60
2017-05-12,com.letfreex,heatqlte,NA,5.00
2017-05-12,com.letfreex,hero2lte,5.00,4.82
2017-05-12,com.letfreex,herolte,5.00,5.00
2017-05-12,com.letfreex,hllte,NA,5.00
2017-05-12,com.letfreex,hlte,NA,5.00
2017-05-12,com.letfreex,hlteatt,NA,5.00
2017-05-12,com.letfreex,htc_a31ul,NA,5.00
2017-05-12,com.letfreex,htc_himauhl,NA,5.00
2017-05-12,com.letfreex,hwALE-H,5.00,4.80
2017-05-12,com.letfreex,hwG7-L01,NA,5.00
2017-05-12,com.letfreex,hwG750-U10,NA,5.00
2017-05-12,com.letfreex,hwH60,NA,5.00
2017-05-12,com.letfreex,hwRIO-L01,NA,5.00
2017-05-12,com.letfreex,hwSCL-Q,NA,5.00
2017-05-12,com.letfreex,hwY530-U00,NA,5.00
2017-05-12,com.letfreex,hwY635,NA,4.00
2017-05-12,com.letfreex,hwmt7,NA,5.00
2017-05-12,com.letfreex,ido,2.00,3.33
2017-05-12,com.letfreex,j3xnlte,NA,4.75
2017-05-12,com.letfreex,j5nlte,NA,4.80
2017-05-12,com.letfreex,j5xnlte,NA,5.00
2017-05-12,com.letfreex,j7xelte,NA,5.00
2017-05-12,com.letfreex,jagnm,NA,5.00
2017-05-12,com.letfreex,jflte,NA,4.43
2017-05-12,com.letfreex,jfvelte,NA,5.00
2017-05-12,com.letfreex,kanas3gnfc,NA,5.00
2017-05-12,com.letfreex,kenzo,5.00,5.00
2017-05-12,com.letfreex,klte,NA,4.87
2017-05-12,com.letfreex,kminilte,NA,4.60
2017-05-12,com.letfreex,l5421,1.00,1.00
2017-05-12,com.letfreex,l5460,5.00,5.00
2017-05-12,com.letfreex,l5510,5.00,5.00
2017-05-12,com.letfreex,le_s2_na,NA,5.00
2017-05-12,com.letfreex,le_s2_ww,NA,5.00
2017-05-12,com.letfreex,lt013g,NA,2.00
2017-05-12,com.letfreex,lt01wifi,NA,5.00
2017-05-12,com.letfreex,lucye,NA,5.00
2017-05-12,com.letfreex,m0,NA,5.00
2017-05-12,com.letfreex,m2note,NA,5.00
2017-05-12,com.letfreex,m3note,NA,5.00
2017-05-12,com.letfreex,m7,NA,5.00
2017-05-12,com.letfreex,markw,NA,5.00
2017-05-12,com.letfreex,matisselte,5.00,4.67
2017-05-12,com.letfreex,meliuslte,NA,5.00
2017-05-12,com.letfreex,mido,NA,4.00
2017-05-12,com.letfreex,milletlte,NA,5.00
2017-05-12,com.letfreex,mx4pro,NA,5.00
2017-05-12,com.letfreex,mx5,NA,5.00
2017-05-12,com.letfreex,my50,NA,5.00
2017-05-12,com.letfreex,natrium,NA,5.00
2017-05-12,com.letfreex,nikel,NA,5.00
2017-05-12,com.letfreex,p1,NA,4.33
2017-05-12,com.letfreex,polaris-inet,NA,5.00
2017-05-12,com.letfreex,q201_9377,NA,5.00
2017-05-12,com.letfreex,rk312x,5.00,5.00
2017-05-12,com.letfreex,s2vep,5.00,5.00
2017-05-12,com.letfreex,s3ve3g,5.00,4.67
2017-05-12,com.letfreex,s5201ap,NA,5.00
2017-05-12,com.letfreex,s5250,NA,5.00
2017-05-12,com.letfreex,s5neolte,NA,5.00
2017-05-12,com.letfreex,santos103g,NA,5.00
2017-05-12,com.letfreex,santos10wifi,NA,5.00
2017-05-12,com.letfreex,serranolte,NA,5.00
2017-05-12,com.letfreex,serranovelte,NA,5.00
2017-05-12,com.letfreex,slte,NA,5.00
2017-05-12,com.letfreex,surnia_umts,NA,5.00
2017-05-12,com.letfreex,t03g,NA,5.00
2017-05-12,com.letfreex,titan_umtsds,NA,5.00
2017-05-12,com.letfreex,trelte,NA,5.00
2017-05-12,com.letfreex,trlte,NA,5.00
2017-05-12,com.letfreex,vbox86p,NA,5.00
2017-05-12,com.letfreex,x600,NA,5.00
2017-05-12,com.letfreex,zenlte,5.00,5.00
2017-05-12,com.letfreex,zeroflte,5.00,4.82
2017-05-12,com.letfreex,zerolte,NA,5.00
2017-05-13,com.letfreex,,NA,5.00
2017-05-13,com.letfreex,A0001,NA,5.00
2017-05-13,com.letfreex,A95X,NA,5.00
2017-05-13,com.letfreex,ASUS_T00J1,NA,5.00
2017-05-13,com.letfreex,ASUS_X008,NA,5.00
2017-05-13,com.letfreex,ASUS_X008_1,NA,5.00
2017-05-13,com.letfreex,ASUS_X013D_2,NA,5.00
2017-05-13,com.letfreex,ASUS_Z00E_4,NA,5.00
2017-05-13,com.letfreex,ASUS_Z00L_63,NA,5.00
2017-05-13,com.letfreex,ASUS_Z00U_1,NA,5.00
2017-05-13,com.letfreex,ASUS_Z010,NA,5.00
2017-05-13,com.letfreex,ASUS_Z017D_1,NA,4.33
2017-05-13,com.letfreex,AVENUE_5.5,NA,5.00
2017-05-13,com.letfreex,C6603,NA,4.00
2017-05-13,com.letfreex,D5803,NA,5.00
2017-05-13,com.letfreex,D6603,NA,5.00
2017-05-13,com.letfreex,DAGGER-DG550,NA,5.00
2017-05-13,com.letfreex,E2303,NA,5.00
2017-05-13,com.letfreex,E5303,NA,5.00
2017-05-13,com.letfreex,HM2014811,NA,5.00
2017-05-13,com.letfreex,HNNEM-H,NA,5.00
2017-05-13,com.letfreex,HS8937QC,NA,5.00
2017-05-13,com.letfreex,HWBLN-H,NA,4.50
2017-05-13,com.letfreex,HWCAN,NA,5.00
2017-05-13,com.letfreex,HWCRR,NA,4.75
2017-05-13,com.letfreex,HWEVA,5.00,4.60
2017-05-13,com.letfreex,HWFRD,NA,5.00
2017-05-13,com.letfreex,HWGRA,NA,5.00
2017-05-13,com.letfreex,HWLUA-L6735,NA,5.00
2017-05-13,com.letfreex,HWLYO-L6735,NA,5.00
2017-05-13,com.letfreex,HWNXT,NA,4.50
2017-05-13,com.letfreex,HWPLK,NA,5.00
2017-05-13,com.letfreex,HWPRA-H,NA,5.00
2017-05-13,com.letfreex,HWTAG-L6753,NA,4.33
2017-05-13,com.letfreex,HWVIE,NA,5.00
2017-05-13,com.letfreex,HWVNS-H,3.50,4.48
2017-05-13,com.letfreex,HWWAS-H,5.00,5.00
2017-05-13,com.letfreex,HWY560-L,NA,5.00
2017-05-13,com.letfreex,HWY625-U,NA,5.00
2017-05-13,com.letfreex,HiBox-hero,NA,5.00
2017-05-13,com.letfreex,K00E,NA,4.00
2017-05-13,com.letfreex,K013_1,NA,5.00
2017-05-13,com.letfreex,K016_1,NA,5.00
2017-05-13,com.letfreex,M3s,NA,5.00
2017-05-13,com.letfreex,ME173X,NA,5.00
2017-05-13,com.letfreex,MFC_6,NA,5.00
2017-05-13,com.letfreex,NEXBOX_A1,NA,5.00
2017-05-13,com.letfreex,OnePlus2,4.00,4.00
2017-05-13,com.letfreex,OnePlus3,NA,5.00
2017-05-13,com.letfreex,OnePlus3T,1.00,3.80
2017-05-13,com.letfreex,P01Y,NA,1.00
2017-05-13,com.letfreex,P021_1,NA,5.00
2017-05-13,com.letfreex,P023_1,NA,5.00
2017-05-13,com.letfreex,P024_1,NA,5.00
2017-05-13,com.letfreex,P027,NA,5.00
2017-05-13,com.letfreex,P2a42,NA,5.00
2017-05-13,com.letfreex,P4601AN,NA,5.00
2017-05-13,com.letfreex,P653A10,NA,5.00
2017-05-13,com.letfreex,P6601AE,NA,4.00
2017-05-13,com.letfreex,PIXI4_5_4G,NA,5.00
2017-05-13,com.letfreex,Paris_X,NA,5.00
2017-05-13,com.letfreex,PhonePad Duo,NA,5.00
2017-05-13,com.letfreex,Pixi3-10_WiFi,NA,5.00
2017-05-13,com.letfreex,SM-G935F,NA,5.00
2017-05-13,com.letfreex,TB3-710I,NA,5.00
2017-05-13,com.letfreex,UMI_SUPER,NA,5.00
2017-05-13,com.letfreex,V2802AN,NA,5.00
2017-05-13,com.letfreex,V3702AN,NA,5.00
2017-05-13,com.letfreex,V3750AN,NA,5.00
2017-05-13,com.letfreex,VFD500,NA,5.00
2017-05-13,com.letfreex,Vodafone890N,NA,5.00
2017-05-13,com.letfreex,Z008_1,NA,5.00
2017-05-13,com.letfreex,Z00A,1.00,4.58
2017-05-13,com.letfreex,Z01B_1,NA,5.00
2017-05-13,com.letfreex,ZTE_BLADE_V0730,NA,5.00
2017-05-13,com.letfreex,a3ulte,NA,5.00
2017-05-13,com.letfreex,a3xelte,NA,4.50
2017-05-13,com.letfreex,a5ulte,NA,5.00
2017-05-13,com.letfreex,a5xelte,NA,4.33
2017-05-13,com.letfreex,a5y17lte,NA,5.00
2017-05-13,com.letfreex,a7alte,NA,5.00
2017-05-13,com.letfreex,ac50fhe,NA,5.00
2017-05-13,com.letfreex,ac50po,NA,5.00
2017-05-13,com.letfreex,ailsa_ii,NA,5.00
2017-05-13,com.letfreex,alicee,NA,5.00
2017-05-13,com.letfreex,angler,NA,5.00
2017-05-13,com.letfreex,athene,NA,5.00
2017-05-13,com.letfreex,baffinlite,NA,5.00
2017-05-13,com.letfreex,bullhead,NA,5.00
2017-05-13,com.letfreex,c50n,NA,5.00
2017-05-13,com.letfreex,cedric,NA,5.00
2017-05-13,com.letfreex,chagalllte,NA,5.00
2017-05-13,com.letfreex,clark,NA,5.00
2017-05-13,com.letfreex,coreprimevelte,NA,3.00
2017-05-13,com.letfreex,d802,NA,4.50
2017-05-13,com.letfreex,dreamlte,NA,5.00
2017-05-13,com.letfreex,ducati2hd3g,NA,5.00
2017-05-13,com.letfreex,flounder,NA,4.00
2017-05-13,com.letfreex,g2m,NA,5.00
2017-05-13,com.letfreex,g3,NA,4.67
2017-05-13,com.letfreex,gemini,NA,5.00
2017-05-13,com.letfreex,goyave3g,4.00,4.00
2017-05-13,com.letfreex,goyavewifi,5.00,5.00
2017-05-13,com.letfreex,goyavewifixtc,1.00,1.00
2017-05-13,com.letfreex,goyawifi,NA,5.00
2017-05-13,com.letfreex,grandneove3g,NA,4.43
2017-05-13,com.letfreex,grandprimelte,NA,5.00
2017-05-13,com.letfreex,grandprimeve3g,NA,1.00
2017-05-13,com.letfreex,grandprimevelte,NA,3.00
2017-05-13,com.letfreex,gt510wifi,NA,5.00
2017-05-13,com.letfreex,gtaxllte,NA,2.00
2017-05-13,com.letfreex,gtel3g,NA,5.00
2017-05-13,com.letfreex,h1,NA,5.00
2017-05-13,com.letfreex,h910be_v11_p_yx_a10b_r6,NA,4.00
2017-05-13,com.letfreex,hammerhead,NA,4.60
2017-05-13,com.letfreex,heatqlte,NA,5.00
2017-05-13,com.letfreex,hero2lte,NA,4.82
2017-05-13,com.letfreex,herolte,NA,5.00
2017-05-13,com.letfreex,hllte,NA,5.00
2017-05-13,com.letfreex,hlte,NA,5.00
2017-05-13,com.letfreex,hlteatt,NA,5.00
2017-05-13,com.letfreex,htc_a31ul,NA,5.00
2017-05-13,com.letfreex,htc_himauhl,NA,5.00
2017-05-13,com.letfreex,hwALE-H,5.00,4.81
2017-05-13,com.letfreex,hwG7-L01,NA,5.00
2017-05-13,com.letfreex,hwG750-U10,NA,5.00
2017-05-13,com.letfreex,hwH60,NA,5.00
2017-05-13,com.letfreex,hwRIO-L01,NA,5.00
2017-05-13,com.letfreex,hwSCL-Q,NA,5.00
2017-05-13,com.letfreex,hwY530-U00,NA,5.00
2017-05-13,com.letfreex,hwY635,NA,4.00
2017-05-13,com.letfreex,hwmt7,NA,5.00
2017-05-13,com.letfreex,ido,NA,3.33
2017-05-13,com.letfreex,j3xnlte,NA,4.75
2017-05-13,com.letfreex,j5nlte,NA,4.80
2017-05-13,com.letfreex,j5xnlte,NA,5.00
2017-05-13,com.letfreex,j7xelte,NA,5.00
2017-05-13,com.letfreex,jagnm,NA,5.00
2017-05-13,com.letfreex,jflte,NA,4.43
2017-05-13,com.letfreex,jfvelte,3.00,4.60
2017-05-13,com.letfreex,kanas3gnfc,NA,5.00
2017-05-13,com.letfreex,kenzo,NA,5.00
2017-05-13,com.letfreex,klte,5.00,4.88
2017-05-13,com.letfreex,kminilte,NA,4.60
2017-05-13,com.letfreex,l5421,NA,1.00
2017-05-13,com.letfreex,l5460,NA,5.00
2017-05-13,com.letfreex,l5510,NA,5.00
2017-05-13,com.letfreex,le_s2_na,NA,5.00
2017-05-13,com.letfreex,le_s2_ww,NA,5.00
2017-05-13,com.letfreex,lt013g,NA,2.00
2017-05-13,com.letfreex,lt01wifi,NA,5.00
2017-05-13,com.letfreex,lucye,NA,5.00
2017-05-13,com.letfreex,m0,NA,5.00
2017-05-13,com.letfreex,m216n,5.00,5.00
2017-05-13,com.letfreex,m2note,NA,5.00
2017-05-13,com.letfreex,m3note,NA,5.00
2017-05-13,com.letfreex,m7,NA,5.00
2017-05-13,com.letfreex,markw,NA,5.00
2017-05-13,com.letfreex,matisselte,NA,4.67
2017-05-13,com.letfreex,meliuslte,NA,5.00
2017-05-13,com.letfreex,mido,NA,4.00
2017-05-13,com.letfreex,milletlte,NA,5.00
2017-05-13,com.letfreex,mx4pro,NA,5.00
2017-05-13,com.letfreex,mx5,NA,5.00
2017-05-13,com.letfreex,my50,NA,5.00
2017-05-13,com.letfreex,natrium,NA,5.00
2017-05-13,com.letfreex,nikel,NA,5.00
2017-05-13,com.letfreex,p1,5.00,4.43
2017-05-13,com.letfreex,polaris-inet,NA,5.00
2017-05-13,com.letfreex,q201_9377,NA,5.00
2017-05-13,com.letfreex,rk312x,NA,5.00
2017-05-13,com.letfreex,s2vep,NA,5.00
2017-05-13,com.letfreex,s3ve3g,4.50,4.64
2017-05-13,com.letfreex,s5201ap,NA,5.00
2017-05-13,com.letfreex,s5250,NA,5.00
2017-05-13,com.letfreex,s5neolte,5.00,5.00
2017-05-13,com.letfreex,santos103g,NA,5.00
2017-05-13,com.letfreex,santos10wifi,NA,5.00
2017-05-13,com.letfreex,serranolte,NA,5.00
2017-05-13,com.letfreex,serranovelte,5.00,5.00
2017-05-13,com.letfreex,slte,NA,5.00
2017-05-13,com.letfreex,surnia_umts,NA,5.00
2017-05-13,com.letfreex,t03g,NA,5.00
2017-05-13,com.letfreex,titan_umtsds,NA,5.00
2017-05-13,com.letfreex,trelte,NA,5.00
2017-05-13,com.letfreex,trlte,5.00,5.00
2017-05-13,com.letfreex,v10,5.00,5.00
2017-05-13,com.letfreex,vbox86p,NA,5.00
2017-05-13,com.letfreex,x600,NA,5.00
2017-05-13,com.letfreex,zenlte,NA,5.00
2017-05-13,com.letfreex,zeroflte,NA,4.82
2017-05-13,com.letfreex,zerolte,1.00,4.43
2017-05-14,com.letfreex,,NA,5.00
2017-05-14,com.letfreex,A0001,NA,5.00
2017-05-14,com.letfreex,A95X,NA,5.00
2017-05-14,com.letfreex,ASUS_T00J1,NA,5.00
2017-05-14,com.letfreex,ASUS_X008,NA,5.00
2017-05-14,com.letfreex,ASUS_X008_1,NA,5.00
2017-05-14,com.letfreex,ASUS_X013D_2,NA,5.00
2017-05-14,com.letfreex,ASUS_Z00E_4,NA,5.00
2017-05-14,com.letfreex,ASUS_Z00L_63,NA,5.00
2017-05-14,com.letfreex,ASUS_Z00U_1,NA,5.00
2017-05-14,com.letfreex,ASUS_Z010,NA,5.00
2017-05-14,com.letfreex,ASUS_Z017D_1,NA,4.33
2017-05-14,com.letfreex,AVENUE_5.5,NA,5.00
2017-05-14,com.letfreex,C6603,NA,4.00
2017-05-14,com.letfreex,D5803,NA,5.00
2017-05-14,com.letfreex,D6603,NA,5.00
2017-05-14,com.letfreex,DAGGER-DG550,NA,5.00
2017-05-14,com.letfreex,E2303,NA,5.00
2017-05-14,com.letfreex,E5303,NA,5.00
2017-05-14,com.letfreex,HM2014811,NA,5.00
2017-05-14,com.letfreex,HNNEM-H,NA,5.00
2017-05-14,com.letfreex,HS8937QC,NA,5.00
2017-05-14,com.letfreex,HWBLN-H,NA,4.50
2017-05-14,com.letfreex,HWCAN,NA,5.00
2017-05-14,com.letfreex,HWCRR,NA,4.75
2017-05-14,com.letfreex,HWEVA,NA,4.60
2017-05-14,com.letfreex,HWFRD,NA,5.00
2017-05-14,com.letfreex,HWGRA,NA,5.00
2017-05-14,com.letfreex,HWLUA-L6735,NA,5.00
2017-05-14,com.letfreex,HWLYO-L6735,NA,5.00
2017-05-14,com.letfreex,HWNXT,NA,4.50
2017-05-14,com.letfreex,HWPLK,NA,5.00
2017-05-14,com.letfreex,HWPRA-H,5.00,5.00
2017-05-14,com.letfreex,HWTAG-L6753,5.00,4.50
2017-05-14,com.letfreex,HWVIE,NA,5.00
2017-05-14,com.letfreex,HWVNS-H,4.00,4.40
2017-05-14,com.letfreex,HWWAS-H,NA,5.00
2017-05-14,com.letfreex,HWY560-L,NA,5.00
2017-05-14,com.letfreex,HWY625-U,NA,5.00
2017-05-14,com.letfreex,HiBox-hero,NA,5.00
2017-05-14,com.letfreex,K00E,NA,4.00
2017-05-14,com.letfreex,K013_1,NA,5.00
2017-05-14,com.letfreex,K016_1,NA,5.00
2017-05-14,com.letfreex,M3s,NA,5.00
2017-05-14,com.letfreex,ME173X,NA,5.00
2017-05-14,com.letfreex,MFC_6,NA,5.00
2017-05-14,com.letfreex,NEXBOX_A1,NA,5.00
2017-05-14,com.letfreex,OnePlus2,NA,4.00
2017-05-14,com.letfreex,OnePlus3,5.00,5.00
2017-05-14,com.letfreex,OnePlus3T,NA,3.80
2017-05-14,com.letfreex,P00C_2,5.00,5.00
2017-05-14,com.letfreex,P01Y,NA,1.00
2017-05-14,com.letfreex,P021_1,NA,5.00
2017-05-14,com.letfreex,P023_1,NA,5.00
2017-05-14,com.letfreex,P024_1,NA,5.00
2017-05-14,com.letfreex,P027,NA,5.00
2017-05-14,com.letfreex,P2a42,NA,5.00
2017-05-14,com.letfreex,P4601AN,NA,5.00
2017-05-14,com.letfreex,P653A10,NA,5.00
2017-05-14,com.letfreex,P6601AE,NA,4.00
2017-05-14,com.letfreex,P809V50,4.00,4.00
2017-05-14,com.letfreex,PIXI4_5_4G,NA,5.00
2017-05-14,com.letfreex,Paris_X,NA,5.00
2017-05-14,com.letfreex,PhonePad Duo,NA,5.00
2017-05-14,com.letfreex,Pixi3-10_WiFi,NA,5.00
2017-05-14,com.letfreex,SM-G935F,NA,5.00
2017-05-14,com.letfreex,TB3-710I,NA,5.00
2017-05-14,com.letfreex,UMI_SUPER,NA,5.00
2017-05-14,com.letfreex,V2802AN,NA,5.00
2017-05-14,com.letfreex,V3702AN,NA,5.00
2017-05-14,com.letfreex,V3750AN,NA,5.00
2017-05-14,com.letfreex,VFD500,NA,5.00
2017-05-14,com.letfreex,Vodafone890N,NA,5.00
2017-05-14,com.letfreex,Z008_1,NA,5.00
2017-05-14,com.letfreex,Z00A,5.00,4.62
2017-05-14,com.letfreex,Z01B_1,NA,5.00
2017-05-14,com.letfreex,ZTE_BLADE_V0730,NA,5.00
2017-05-14,com.letfreex,a3ulte,NA,5.00
2017-05-14,com.letfreex,a3xelte,NA,4.50
2017-05-14,com.letfreex,a5ulte,NA,5.00
2017-05-14,com.letfreex,a5xelte,NA,4.33
2017-05-14,com.letfreex,a5y17lte,5.00,5.00
2017-05-14,com.letfreex,a7alte,NA,5.00
2017-05-14,com.letfreex,ac50fhe,NA,5.00
2017-05-14,com.letfreex,ac50po,NA,5.00
2017-05-14,com.letfreex,ailsa_ii,NA,5.00
2017-05-14,com.letfreex,alicee,NA,5.00
2017-05-14,com.letfreex,angler,5.00,5.00
2017-05-14,com.letfreex,athene,NA,5.00
2017-05-14,com.letfreex,baffinlite,5.00,5.00
2017-05-14,com.letfreex,bullhead,NA,5.00
2017-05-14,com.letfreex,c50n,NA,5.00
2017-05-14,com.letfreex,capricorn,5.00,5.00
2017-05-14,com.letfreex,cedric,NA,5.00
2017-05-14,com.letfreex,chagalllte,NA,5.00
2017-05-14,com.letfreex,clark,NA,5.00
2017-05-14,com.letfreex,coreprimevelte,1.00,2.33
2017-05-14,com.letfreex,d802,NA,4.50
2017-05-14,com.letfreex,dreamlte,5.00,5.00
2017-05-14,com.letfreex,ducati2hd3g,NA,5.00
2017-05-14,com.letfreex,flounder,NA,4.00
2017-05-14,com.letfreex,g2m,NA,5.00
2017-05-14,com.letfreex,g3,5.00,4.80
2017-05-14,com.letfreex,gemini,NA,5.00
2017-05-14,com.letfreex,goyave3g,NA,4.00
2017-05-14,com.letfreex,goyavewifi,NA,5.00
2017-05-14,com.letfreex,goyavewifixtc,NA,1.00
2017-05-14,com.letfreex,goyawifi,NA,5.00
2017-05-14,com.letfreex,grandneove3g,NA,4.43
2017-05-14,com.letfreex,grandprimelte,5.00,5.00
2017-05-14,com.letfreex,grandprimeve3g,NA,1.00
2017-05-14,com.letfreex,grandprimevelte,NA,3.00
2017-05-14,com.letfreex,gt510wifi,NA,5.00
2017-05-14,com.letfreex,gtaxllte,NA,2.00
2017-05-14,com.letfreex,gtel3g,NA,5.00
2017-05-14,com.letfreex,h1,NA,5.00
2017-05-14,com.letfreex,h910be_v11_p_yx_a10b_r6,NA,4.00
2017-05-14,com.letfreex,hammerhead,NA,4.60
2017-05-14,com.letfreex,heatqlte,NA,5.00
2017-05-14,com.letfreex,hero2lte,5.00,4.85
2017-05-14,com.letfreex,herolte,4.00,4.91
2017-05-14,com.letfreex,hllte,NA,5.00
2017-05-14,com.letfreex,hlte,NA,5.00
2017-05-14,com.letfreex,hlteatt,NA,5.00
2017-05-14,com.letfreex,htc_a31ul,NA,5.00
2017-05-14,com.letfreex,htc_himauhl,NA,5.00
2017-05-14,com.letfreex,htc_pmeuhl,3.00,3.00
2017-05-14,com.letfreex,hwALE-H,5.00,4.81
2017-05-14,com.letfreex,hwG630-U20,5.00,5.00
2017-05-14,com.letfreex,hwG7-L01,NA,5.00
2017-05-14,com.letfreex,hwG750-U10,NA,5.00
2017-05-14,com.letfreex,hwH30-U10,5.00,5.00
2017-05-14,com.letfreex,hwH60,NA,5.00
2017-05-14,com.letfreex,hwRIO-L01,4.00,4.50
2017-05-14,com.letfreex,hwSCL-Q,NA,5.00
2017-05-14,com.letfreex,hwY530-U00,NA,5.00
2017-05-14,com.letfreex,hwY635,NA,4.00
2017-05-14,com.letfreex,hwmt7,NA,5.00
2017-05-14,com.letfreex,ido,NA,3.33
2017-05-14,com.letfreex,j1xlte,5.00,5.00
2017-05-14,com.letfreex,j3xnlte,NA,4.75
2017-05-14,com.letfreex,j5nlte,NA,4.80
2017-05-14,com.letfreex,j5xnlte,NA,5.00
2017-05-14,com.letfreex,j7xelte,NA,5.00
2017-05-14,com.letfreex,ja3g,5.00,5.00
2017-05-14,com.letfreex,jagnm,NA,5.00
2017-05-14,com.letfreex,jflte,5.00,4.50
2017-05-14,com.letfreex,jfvelte,NA,4.60
2017-05-14,com.letfreex,kanas3gnfc,NA,5.00
2017-05-14,com.letfreex,kenzo,NA,5.00
2017-05-14,com.letfreex,klte,NA,4.88
2017-05-14,com.letfreex,kminilte,NA,4.60
2017-05-14,com.letfreex,l5421,NA,1.00
2017-05-14,com.letfreex,l5460,NA,5.00
2017-05-14,com.letfreex,l5510,NA,5.00
2017-05-14,com.letfreex,le_s2_na,NA,5.00
2017-05-14,com.letfreex,le_s2_ww,NA,5.00
2017-05-14,com.letfreex,lt013g,NA,2.00
2017-05-14,com.letfreex,lt01wifi,NA,5.00
2017-05-14,com.letfreex,lucye,NA,5.00
2017-05-14,com.letfreex,m0,NA,5.00
2017-05-14,com.letfreex,m216n,NA,5.00
2017-05-14,com.letfreex,m2note,NA,5.00
2017-05-14,com.letfreex,m3note,NA,5.00
2017-05-14,com.letfreex,m7,5.00,5.00
2017-05-14,com.letfreex,markw,NA,5.00
2017-05-14,com.letfreex,matisselte,NA,4.67
2017-05-14,com.letfreex,matissewifi,5.00,5.00
2017-05-14,com.letfreex,meliuslte,NA,5.00
2017-05-14,com.letfreex,mido,NA,4.00
2017-05-14,com.letfreex,milletlte,NA,5.00
2017-05-14,com.letfreex,mx4pro,NA,5.00
2017-05-14,com.letfreex,mx5,NA,5.00
2017-05-14,com.letfreex,my50,NA,5.00
2017-05-14,com.letfreex,natrium,NA,5.00
2017-05-14,com.letfreex,nikel,NA,5.00
2017-05-14,com.letfreex,p1,NA,4.43
2017-05-14,com.letfreex,polaris-inet,NA,5.00
2017-05-14,com.letfreex,q201_9377,NA,5.00
2017-05-14,com.letfreex,rk312x,NA,5.00
2017-05-14,com.letfreex,s2vep,NA,5.00
2017-05-14,com.letfreex,s3ve3g,NA,4.64
2017-05-14,com.letfreex,s5201ap,NA,5.00
2017-05-14,com.letfreex,s5250,NA,5.00
2017-05-14,com.letfreex,s5neolte,NA,5.00
2017-05-14,com.letfreex,santos103g,NA,5.00
2017-05-14,com.letfreex,santos10wifi,NA,5.00
2017-05-14,com.letfreex,serranods,5.00,5.00
2017-05-14,com.letfreex,serranolte,NA,5.00
2017-05-14,com.letfreex,serranovelte,NA,5.00
2017-05-14,com.letfreex,slte,NA,5.00
2017-05-14,com.letfreex,surnia_umts,NA,5.00
2017-05-14,com.letfreex,t03g,NA,5.00
2017-05-14,com.letfreex,titan_umtsds,NA,5.00
2017-05-14,com.letfreex,trelte,NA,5.00
2017-05-14,com.letfreex,trlte,1.00,4.33
2017-05-14,com.letfreex,v10,NA,5.00
2017-05-14,com.letfreex,vbox86p,NA,5.00
2017-05-14,com.letfreex,x5623_h6013_cubot,5.00,5.00
2017-05-14,com.letfreex,x600,NA,5.00
2017-05-14,com.letfreex,zenlte,NA,5.00
2017-05-14,com.letfreex,zeroflte,NA,4.82
2017-05-14,com.letfreex,zerolte,NA,4.43
2017-05-15,com.letfreex,,NA,5.00
2017-05-15,com.letfreex,A0001,NA,5.00
2017-05-15,com.letfreex,A5500-H,5.00,5.00
2017-05-15,com.letfreex,A95X,NA,5.00
2017-05-15,com.letfreex,ASUS_T00J1,NA,5.00
2017-05-15,com.letfreex,ASUS_X008,NA,5.00
2017-05-15,com.letfreex,ASUS_X008_1,NA,5.00
2017-05-15,com.letfreex,ASUS_X013D_2,NA,5.00
2017-05-15,com.letfreex,ASUS_Z00E_4,NA,5.00
2017-05-15,com.letfreex,ASUS_Z00L_63,NA,5.00
2017-05-15,com.letfreex,ASUS_Z00U_1,NA,5.00
2017-05-15,com.letfreex,ASUS_Z010,NA,5.00
2017-05-15,com.letfreex,ASUS_Z017D_1,5.00,4.50
2017-05-15,com.letfreex,AVENUE_5.5,NA,5.00
2017-05-15,com.letfreex,C6603,NA,4.00
2017-05-15,com.letfreex,D5803,NA,5.00
2017-05-15,com.letfreex,D6603,NA,5.00
2017-05-15,com.letfreex,DAGGER-DG550,NA,5.00
2017-05-15,com.letfreex,E2303,NA,5.00
2017-05-15,com.letfreex,E5303,NA,5.00
2017-05-15,com.letfreex,HM2014811,NA,5.00
2017-05-15,com.letfreex,HNNEM-H,NA,5.00
2017-05-15,com.letfreex,HS8937QC,NA,5.00
2017-05-15,com.letfreex,HWBLN-H,NA,4.50
2017-05-15,com.letfreex,HWCAN,NA,5.00
2017-05-15,com.letfreex,HWCRR,NA,4.75
2017-05-15,com.letfreex,HWEVA,NA,4.60
2017-05-15,com.letfreex,HWFRD,5.00,5.00
2017-05-15,com.letfreex,HWGRA,NA,5.00
2017-05-15,com.letfreex,HWLUA-L6735,NA,5.00
2017-05-15,com.letfreex,HWLYO-L6735,NA,5.00
2017-05-15,com.letfreex,HWNXT,5.00,4.67
2017-05-15,com.letfreex,HWPLK,NA,5.00
2017-05-15,com.letfreex,HWPRA-H,NA,5.00
2017-05-15,com.letfreex,HWTAG-L6753,NA,4.50
2017-05-15,com.letfreex,HWVIE,NA,5.00
2017-05-15,com.letfreex,HWVNS-H,5.00,4.44
2017-05-15,com.letfreex,HWWAS-H,NA,5.00
2017-05-15,com.letfreex,HWY560-L,NA,5.00
2017-05-15,com.letfreex,HWY625-U,NA,5.00
2017-05-15,com.letfreex,HiBox-hero,NA,5.00
2017-05-15,com.letfreex,K00E,NA,4.00
2017-05-15,com.letfreex,K013_1,NA,5.00
2017-05-15,com.letfreex,K016_1,NA,5.00
2017-05-15,com.letfreex,M3s,NA,5.00
2017-05-15,com.letfreex,ME173X,NA,5.00
2017-05-15,com.letfreex,MFC_6,NA,5.00
2017-05-15,com.letfreex,NEXBOX_A1,NA,5.00
2017-05-15,com.letfreex,OnePlus2,NA,4.00
2017-05-15,com.letfreex,OnePlus3,NA,5.00
2017-05-15,com.letfreex,OnePlus3T,NA,3.80
2017-05-15,com.letfreex,P00C_2,NA,5.00
2017-05-15,com.letfreex,P01Y,NA,1.00
2017-05-15,com.letfreex,P021_1,NA,5.00
2017-05-15,com.letfreex,P023_1,NA,5.00
2017-05-15,com.letfreex,P024_1,NA,5.00
2017-05-15,com.letfreex,P027,NA,5.00
2017-05-15,com.letfreex,P2a42,NA,5.00
2017-05-15,com.letfreex,P4601AN,NA,5.00
2017-05-15,com.letfreex,P653A10,NA,5.00
2017-05-15,com.letfreex,P6601AE,NA,4.00
2017-05-15,com.letfreex,P809V50,NA,4.00
2017-05-15,com.letfreex,PIXI4_5_4G,NA,5.00
2017-05-15,com.letfreex,Paris_X,NA,5.00
2017-05-15,com.letfreex,PhonePad Duo,NA,5.00
2017-05-15,com.letfreex,Pixi3-10_WiFi,NA,5.00
2017-05-15,com.letfreex,SM-G935F,NA,5.00
2017-05-15,com.letfreex,TB3-710I,NA,5.00
2017-05-15,com.letfreex,UMI_SUPER,NA,5.00
2017-05-15,com.letfreex,V2802AN,NA,5.00
2017-05-15,com.letfreex,V3702AN,NA,5.00
2017-05-15,com.letfreex,V3750AN,NA,5.00
2017-05-15,com.letfreex,VFD500,NA,5.00
2017-05-15,com.letfreex,Vodafone890N,NA,5.00
2017-05-15,com.letfreex,Z008_1,NA,5.00
2017-05-15,com.letfreex,Z00A,5.00,4.67
2017-05-15,com.letfreex,Z01B_1,NA,5.00
2017-05-15,com.letfreex,ZTE_BLADE_V0730,NA,5.00
2017-05-15,com.letfreex,a3ulte,NA,5.00
2017-05-15,com.letfreex,a3xelte,NA,4.50
2017-05-15,com.letfreex,a5ulte,4.50,4.75
2017-05-15,com.letfreex,a5xelte,1.00,3.86
2017-05-15,com.letfreex,a5y17lte,NA,5.00
2017-05-15,com.letfreex,a7alte,NA,5.00
2017-05-15,com.letfreex,ac50fhe,NA,5.00
2017-05-15,com.letfreex,ac50po,NA,5.00
2017-05-15,com.letfreex,ailsa_ii,NA,5.00
2017-05-15,com.letfreex,alicee,NA,5.00
2017-05-15,com.letfreex,angler,5.00,5.00
2017-05-15,com.letfreex,athene,NA,5.00
2017-05-15,com.letfreex,baffinlite,NA,5.00
2017-05-15,com.letfreex,bullhead,NA,5.00
2017-05-15,com.letfreex,c50n,NA,5.00
2017-05-15,com.letfreex,capricorn,NA,5.00
2017-05-15,com.letfreex,cedric,NA,5.00
2017-05-15,com.letfreex,chagalllte,NA,5.00
2017-05-15,com.letfreex,clark,NA,5.00
2017-05-15,com.letfreex,coreprimevelte,NA,2.33
2017-05-15,com.letfreex,d802,NA,4.50
2017-05-15,com.letfreex,dreamlte,NA,5.00
2017-05-15,com.letfreex,ducati2hd3g,NA,5.00
2017-05-15,com.letfreex,flounder,NA,4.00
2017-05-15,com.letfreex,g2,5.00,5.00
2017-05-15,com.letfreex,g2m,NA,5.00
2017-05-15,com.letfreex,g3,NA,4.80
2017-05-15,com.letfreex,gemini,NA,5.00
2017-05-15,com.letfreex,goyave3g,NA,4.00
2017-05-15,com.letfreex,goyavewifi,NA,5.00
2017-05-15,com.letfreex,goyavewifixtc,NA,1.00
2017-05-15,com.letfreex,goyawifi,NA,5.00
2017-05-15,com.letfreex,grandneove3g,NA,4.43
2017-05-15,com.letfreex,grandprimelte,NA,5.00
2017-05-15,com.letfreex,grandprimeve3g,NA,1.00
2017-05-15,com.letfreex,grandprimevelte,NA,3.00
2017-05-15,com.letfreex,gt510wifi,NA,5.00
2017-05-15,com.letfreex,gtaxllte,NA,2.00
2017-05-15,com.letfreex,gtaxlwifi,1.00,1.00
2017-05-15,com.letfreex,gtel3g,NA,5.00
2017-05-15,com.letfreex,h1,NA,5.00
2017-05-15,com.letfreex,h910be_v11_p_yx_a10b_r6,NA,4.00
2017-05-15,com.letfreex,hammerhead,NA,4.60
2017-05-15,com.letfreex,heatqlte,NA,5.00
2017-05-15,com.letfreex,hero2lte,NA,4.85
2017-05-15,com.letfreex,herolte,NA,4.91
2017-05-15,com.letfreex,hllte,NA,5.00
2017-05-15,com.letfreex,hlte,5.00,5.00
2017-05-15,com.letfreex,hlteatt,NA,5.00
2017-05-15,com.letfreex,htc_a31ul,NA,5.00
2017-05-15,com.letfreex,htc_himauhl,NA,5.00
2017-05-15,com.letfreex,htc_pmeuhl,NA,3.00
2017-05-15,com.letfreex,hwALE-H,5.00,4.82
2017-05-15,com.letfreex,hwG525-U00,1.00,1.00
2017-05-15,com.letfreex,hwG630-U20,NA,5.00
2017-05-15,com.letfreex,hwG7-L01,NA,5.00
2017-05-15,com.letfreex,hwG750-U10,NA,5.00
2017-05-15,com.letfreex,hwH30-U10,NA,5.00
2017-05-15,com.letfreex,hwH60,NA,5.00
2017-05-15,com.letfreex,hwRIO-L01,NA,4.50
2017-05-15,com.letfreex,hwSCL-Q,NA,5.00
2017-05-15,com.letfreex,hwY530-U00,NA,5.00
2017-05-15,com.letfreex,hwY635,NA,4.00
2017-05-15,com.letfreex,hwbeethoven,5.00,5.00
2017-05-15,com.letfreex,hwmt7,NA,5.00
2017-05-15,com.letfreex,ido,5.00,3.75
2017-05-15,com.letfreex,j1xlte,NA,5.00
2017-05-15,com.letfreex,j3xnlte,NA,4.75
2017-05-15,com.letfreex,j5nlte,4.00,4.73
2017-05-15,com.letfreex,j5xnlte,NA,5.00
2017-05-15,com.letfreex,j7xelte,5.00,5.00
2017-05-15,com.letfreex,ja3g,NA,5.00
2017-05-15,com.letfreex,jagnm,NA,5.00
2017-05-15,com.letfreex,jflte,NA,4.50
2017-05-15,com.letfreex,jfltexx,5.00,5.00
2017-05-15,com.letfreex,jfvelte,NA,4.60
2017-05-15,com.letfreex,kanas3gnfc,NA,5.00
2017-05-15,com.letfreex,kenzo,NA,5.00
2017-05-15,com.letfreex,klte,1.00,4.65
2017-05-15,com.letfreex,kminilte,NA,4.60
2017-05-15,com.letfreex,kylepro,5.00,5.00
2017-05-15,com.letfreex,l5421,NA,1.00
2017-05-15,com.letfreex,l5460,NA,5.00
2017-05-15,com.letfreex,l5510,NA,5.00
2017-05-15,com.letfreex,le_s2_na,NA,5.00
2017-05-15,com.letfreex,le_s2_ww,NA,5.00
2017-05-15,com.letfreex,lt013g,NA,2.00
2017-05-15,com.letfreex,lt01wifi,NA,5.00
2017-05-15,com.letfreex,lucye,NA,5.00
2017-05-15,com.letfreex,lv1,5.00,5.00
2017-05-15,com.letfreex,m0,1.00,3.00
2017-05-15,com.letfreex,m216n,NA,5.00
2017-05-15,com.letfreex,m2note,5.00,5.00
2017-05-15,com.letfreex,m3note,NA,5.00
2017-05-15,com.letfreex,m7,NA,5.00
2017-05-15,com.letfreex,markw,NA,5.00
2017-05-15,com.letfreex,matisselte,NA,4.67
2017-05-15,com.letfreex,matissewifi,NA,5.00
2017-05-15,com.letfreex,meliuslte,NA,5.00
2017-05-15,com.letfreex,mido,NA,4.00
2017-05-15,com.letfreex,milletlte,NA,5.00
2017-05-15,com.letfreex,mx4pro,NA,5.00
2017-05-15,com.letfreex,mx5,NA,5.00
2017-05-15,com.letfreex,my50,NA,5.00
2017-05-15,com.letfreex,natrium,NA,5.00
2017-05-15,com.letfreex,nikel,NA,5.00
2017-05-15,com.letfreex,p1,NA,4.43
2017-05-15,com.letfreex,polaris-inet,NA,5.00
2017-05-15,com.letfreex,q201_9377,NA,5.00
2017-05-15,com.letfreex,rk312x,NA,5.00
2017-05-15,com.letfreex,s2vep,NA,5.00
2017-05-15,com.letfreex,s3ve3g,4.00,4.47
2017-05-15,com.letfreex,s5201ap,NA,5.00
2017-05-15,com.letfreex,s5250,NA,5.00
2017-05-15,com.letfreex,s5neolte,NA,5.00
2017-05-15,com.letfreex,santos103g,NA,5.00
2017-05-15,com.letfreex,santos10wifi,NA,5.00
2017-05-15,com.letfreex,serranods,NA,5.00
2017-05-15,com.letfreex,serranolte,NA,5.00
2017-05-15,com.letfreex,serranovelte,NA,5.00
2017-05-15,com.letfreex,slte,NA,5.00
2017-05-15,com.letfreex,surnia_umts,NA,5.00
2017-05-15,com.letfreex,t03g,NA,5.00
2017-05-15,com.letfreex,titan_umtsds,5.00,5.00
2017-05-15,com.letfreex,trelte,NA,5.00
2017-05-15,com.letfreex,trlte,NA,4.33
2017-05-15,com.letfreex,v10,NA,5.00
2017-05-15,com.letfreex,vbox86p,NA,5.00
2017-05-15,com.letfreex,x5623_h6013_cubot,NA,5.00
2017-05-15,com.letfreex,x600,NA,5.00
2017-05-15,com.letfreex,zenlte,NA,5.00
2017-05-15,com.letfreex,zeroflte,5.00,4.83
2017-05-15,com.letfreex,zerolte,5.00,4.50
2017-05-16,com.letfreex,,NA,5.00
2017-05-16,com.letfreex,A0001,NA,5.00
2017-05-16,com.letfreex,A5500-H,NA,5.00
2017-05-16,com.letfreex,A95X,NA,5.00
2017-05-16,com.letfreex,ASUS_T00J1,NA,5.00
2017-05-16,com.letfreex,ASUS_X008,NA,5.00
2017-05-16,com.letfreex,ASUS_X008_1,NA,5.00
2017-05-16,com.letfreex,ASUS_X013D_2,5.00,5.00
2017-05-16,com.letfreex,ASUS_Z00E_1,5.00,5.00
2017-05-16,com.letfreex,ASUS_Z00E_4,NA,5.00
2017-05-16,com.letfreex,ASUS_Z00L_63,NA,5.00
2017-05-16,com.letfreex,ASUS_Z00U_1,NA,5.00
2017-05-16,com.letfreex,ASUS_Z010,NA,5.00
2017-05-16,com.letfreex,ASUS_Z017D_1,NA,4.50
2017-05-16,com.letfreex,AVENUE_5.5,NA,5.00
2017-05-16,com.letfreex,C6603,NA,4.00
2017-05-16,com.letfreex,D5803,NA,5.00
2017-05-16,com.letfreex,D6603,NA,5.00
2017-05-16,com.letfreex,DAGGER-DG550,NA,5.00
2017-05-16,com.letfreex,E2303,NA,5.00
2017-05-16,com.letfreex,E5303,NA,5.00
2017-05-16,com.letfreex,F5321,5.00,5.00
2017-05-16,com.letfreex,HM2014811,NA,5.00
2017-05-16,com.letfreex,HNNEM-H,NA,5.00
2017-05-16,com.letfreex,HS8937QC,NA,5.00
2017-05-16,com.letfreex,HWBLN-H,NA,4.50
2017-05-16,com.letfreex,HWCAN,NA,5.00
2017-05-16,com.letfreex,HWCRR,NA,4.75
2017-05-16,com.letfreex,HWEVA,NA,4.60
2017-05-16,com.letfreex,HWFRD,NA,5.00
2017-05-16,com.letfreex,HWGRA,5.00,5.00
2017-05-16,com.letfreex,HWLUA-L6735,1.00,3.00
2017-05-16,com.letfreex,HWLYO-L6735,NA,5.00
2017-05-16,com.letfreex,HWNXT,NA,4.67
2017-05-16,com.letfreex,HWPLK,5.00,5.00
2017-05-16,com.letfreex,HWPRA-H,NA,5.00
2017-05-16,com.letfreex,HWTAG-L6753,4.00,4.40
2017-05-16,com.letfreex,HWVIE,NA,5.00
2017-05-16,com.letfreex,HWVNS-H,5.00,4.46
2017-05-16,com.letfreex,HWWAS-H,NA,5.00
2017-05-16,com.letfreex,HWY560-L,NA,5.00
2017-05-16,com.letfreex,HWY625-U,NA,5.00
2017-05-16,com.letfreex,HiBox-hero,NA,5.00
2017-05-16,com.letfreex,K00E,NA,4.00
2017-05-16,com.letfreex,K013_1,NA,5.00
2017-05-16,com.letfreex,K016_1,NA,5.00
2017-05-16,com.letfreex,M3s,NA,5.00
2017-05-16,com.letfreex,ME173X,NA,5.00
2017-05-16,com.letfreex,MFC_6,NA,5.00
2017-05-16,com.letfreex,NEXBOX_A1,NA,5.00
2017-05-16,com.letfreex,OnePlus2,NA,4.00
2017-05-16,com.letfreex,OnePlus3,NA,5.00
2017-05-16,com.letfreex,OnePlus3T,NA,3.80
2017-05-16,com.letfreex,P00C_2,NA,5.00
2017-05-16,com.letfreex,P01Y,NA,1.00
2017-05-16,com.letfreex,P021_1,NA,5.00
2017-05-16,com.letfreex,P023_1,NA,5.00
2017-05-16,com.letfreex,P024_1,NA,5.00
2017-05-16,com.letfreex,P027,NA,5.00
2017-05-16,com.letfreex,P2a42,NA,5.00
2017-05-16,com.letfreex,P4601AN,NA,5.00
2017-05-16,com.letfreex,P653A10,NA,5.00
2017-05-16,com.letfreex,P6601AE,NA,4.00
2017-05-16,com.letfreex,P809V50,NA,4.00
2017-05-16,com.letfreex,PIXI3-5,5.00,5.00
2017-05-16,com.letfreex,PIXI4_5_4G,NA,5.00
2017-05-16,com.letfreex,Paris_X,NA,5.00
2017-05-16,com.letfreex,PhonePad Duo,NA,5.00
2017-05-16,com.letfreex,Pixi3-10_WiFi,NA,5.00
2017-05-16,com.letfreex,SM-G935F,NA,5.00
2017-05-16,com.letfreex,TB3-710I,NA,5.00
2017-05-16,com.letfreex,UMI_SUPER,NA,5.00
2017-05-16,com.letfreex,V2802AN,NA,5.00
2017-05-16,com.letfreex,V3702AN,NA,5.00
2017-05-16,com.letfreex,V3750AN,5.00,5.00
2017-05-16,com.letfreex,VFD500,NA,5.00
2017-05-16,com.letfreex,Vodafone890N,NA,5.00
2017-05-16,com.letfreex,Z008_1,NA,5.00
2017-05-16,com.letfreex,Z00A,NA,4.67
2017-05-16,com.letfreex,Z01B_1,NA,5.00
2017-05-16,com.letfreex,ZTE_BLADE_V0730,NA,5.00
2017-05-16,com.letfreex,a3ulte,5.00,5.00
2017-05-16,com.letfreex,a3xelte,NA,4.50
2017-05-16,com.letfreex,a5ulte,NA,4.75
2017-05-16,com.letfreex,a5xelte,NA,3.86
2017-05-16,com.letfreex,a5y17lte,NA,5.00
2017-05-16,com.letfreex,a7alte,NA,5.00
2017-05-16,com.letfreex,ac50fhe,NA,5.00
2017-05-16,com.letfreex,ac50po,NA,5.00
2017-05-16,com.letfreex,ailsa_ii,NA,5.00
2017-05-16,com.letfreex,alicee,NA,5.00
2017-05-16,com.letfreex,angler,NA,5.00
2017-05-16,com.letfreex,athene,NA,5.00
2017-05-16,com.letfreex,baffinlite,NA,5.00
2017-05-16,com.letfreex,bullhead,NA,5.00
2017-05-16,com.letfreex,c50n,NA,5.00
2017-05-16,com.letfreex,capricorn,NA,5.00
2017-05-16,com.letfreex,cedric,NA,5.00
2017-05-16,com.letfreex,chagalllte,NA,5.00
2017-05-16,com.letfreex,clark,NA,5.00
2017-05-16,com.letfreex,coreprimevelte,NA,2.33
2017-05-16,com.letfreex,d802,NA,4.50
2017-05-16,com.letfreex,deb,5.00,5.00
2017-05-16,com.letfreex,dreamlte,NA,5.00
2017-05-16,com.letfreex,ducati2hd3g,NA,5.00
2017-05-16,com.letfreex,flounder,NA,4.00
2017-05-16,com.letfreex,g2,NA,5.00
2017-05-16,com.letfreex,g2m,NA,5.00
2017-05-16,com.letfreex,g3,NA,4.80
2017-05-16,com.letfreex,gemini,4.00,4.80
2017-05-16,com.letfreex,goyave3g,NA,4.00
2017-05-16,com.letfreex,goyavewifi,NA,5.00
2017-05-16,com.letfreex,goyavewifixtc,NA,1.00
2017-05-16,com.letfreex,goyawifi,NA,5.00
2017-05-16,com.letfreex,grandneove3g,NA,4.43
2017-05-16,com.letfreex,grandprimelte,NA,5.00
2017-05-16,com.letfreex,grandprimeve3g,NA,1.00
2017-05-16,com.letfreex,grandprimevelte,5.00,3.67
2017-05-16,com.letfreex,gt510wifi,NA,5.00
2017-05-16,com.letfreex,gtaxllte,NA,2.00
2017-05-16,com.letfreex,gtaxlwifi,NA,1.00
2017-05-16,com.letfreex,gtel3g,NA,5.00
2017-05-16,com.letfreex,gts28lte,1.00,1.00
2017-05-16,com.letfreex,h1,NA,5.00
2017-05-16,com.letfreex,h910be_v11_p_yx_a10b_r6,NA,4.00
2017-05-16,com.letfreex,hammerhead,NA,4.60
2017-05-16,com.letfreex,hct6735_35gu_l1,4.00,4.00
2017-05-16,com.letfreex,heatqlte,NA,5.00
2017-05-16,com.letfreex,hero2lte,3.00,4.68
2017-05-16,com.letfreex,herolte,5.00,4.92
2017-05-16,com.letfreex,hllte,NA,5.00
2017-05-16,com.letfreex,hlte,NA,5.00
2017-05-16,com.letfreex,hlteatt,NA,5.00
2017-05-16,com.letfreex,htc_a31ul,NA,5.00
2017-05-16,com.letfreex,htc_himauhl,NA,5.00
2017-05-16,com.letfreex,htc_m8,5.00,5.00
2017-05-16,com.letfreex,htc_pmeuhl,NA,3.00
2017-05-16,com.letfreex,hwALE-H,2.00,4.58
2017-05-16,com.letfreex,hwCHC-H,5.00,5.00
2017-05-16,com.letfreex,hwG525-U00,NA,1.00
2017-05-16,com.letfreex,hwG630-U20,NA,5.00
2017-05-16,com.letfreex,hwG7-L01,NA,5.00
2017-05-16,com.letfreex,hwG750-U10,NA,5.00
2017-05-16,com.letfreex,hwH30-U10,NA,5.00
2017-05-16,com.letfreex,hwH60,NA,5.00
2017-05-16,com.letfreex,hwRIO-L01,NA,4.50
2017-05-16,com.letfreex,hwSCL-Q,NA,5.00
2017-05-16,com.letfreex,hwY530-U00,NA,5.00
2017-05-16,com.letfreex,hwY635,NA,4.00
2017-05-16,com.letfreex,hwbeethoven,NA,5.00
2017-05-16,com.letfreex,hwmt7,NA,5.00
2017-05-16,com.letfreex,ido,NA,3.75
2017-05-16,com.letfreex,j1xlte,NA,5.00
2017-05-16,com.letfreex,j3xnlte,1.00,4.00
2017-05-16,com.letfreex,j5nlte,5.00,4.75
2017-05-16,com.letfreex,j5xnlte,4.50,4.83
2017-05-16,com.letfreex,j7xelte,NA,5.00
2017-05-16,com.letfreex,ja3g,NA,5.00
2017-05-16,com.letfreex,jagnm,NA,5.00
2017-05-16,com.letfreex,jflte,NA,4.50
2017-05-16,com.letfreex,jfltexx,NA,5.00
2017-05-16,com.letfreex,jfvelte,NA,4.60
2017-05-16,com.letfreex,kanas3gnfc,NA,5.00
2017-05-16,com.letfreex,kenzo,NA,5.00
2017-05-16,com.letfreex,klte,5.00,4.67
2017-05-16,com.letfreex,kminilte,NA,4.60
2017-05-16,com.letfreex,kylepro,NA,5.00
2017-05-16,com.letfreex,l5421,NA,1.00
2017-05-16,com.letfreex,l5460,5.00,5.00
2017-05-16,com.letfreex,l5510,NA,5.00
2017-05-16,com.letfreex,le_s2_na,NA,5.00
2017-05-16,com.letfreex,le_s2_ww,NA,5.00
2017-05-16,com.letfreex,lt013g,NA,2.00
2017-05-16,com.letfreex,lt01wifi,NA,5.00
2017-05-16,com.letfreex,lucye,NA,5.00
2017-05-16,com.letfreex,lv1,NA,5.00
2017-05-16,com.letfreex,m0,5.00,3.67
2017-05-16,com.letfreex,m216n,NA,5.00
2017-05-16,com.letfreex,m2note,NA,5.00
2017-05-16,com.letfreex,m3note,NA,5.00
2017-05-16,com.letfreex,m7,NA,5.00
2017-05-16,com.letfreex,markw,NA,5.00
2017-05-16,com.letfreex,matisselte,NA,4.67
2017-05-16,com.letfreex,matissewifi,5.00,5.00
2017-05-16,com.letfreex,meliuslte,NA,5.00
2017-05-16,com.letfreex,mido,NA,4.00
2017-05-16,com.letfreex,milletlte,NA,5.00
2017-05-16,com.letfreex,mx4pro,NA,5.00
2017-05-16,com.letfreex,mx5,NA,5.00
2017-05-16,com.letfreex,my50,NA,5.00
2017-05-16,com.letfreex,natrium,NA,5.00
2017-05-16,com.letfreex,nikel,NA,5.00
2017-05-16,com.letfreex,p1,NA,4.43
2017-05-16,com.letfreex,polaris-inet,NA,5.00
2017-05-16,com.letfreex,q201_9377,NA,5.00
2017-05-16,com.letfreex,rk312x,NA,5.00
2017-05-16,com.letfreex,s2vep,NA,5.00
2017-05-16,com.letfreex,s3ve3g,5.00,4.53
2017-05-16,com.letfreex,s5201ap,NA,5.00
2017-05-16,com.letfreex,s5250,NA,5.00
2017-05-16,com.letfreex,s5neolte,NA,5.00
2017-05-16,com.letfreex,santos103g,NA,5.00
2017-05-16,com.letfreex,santos10wifi,NA,5.00
2017-05-16,com.letfreex,serranods,NA,5.00
2017-05-16,com.letfreex,serranolte,NA,5.00
2017-05-16,com.letfreex,serranovelte,NA,5.00
2017-05-16,com.letfreex,slte,5.00,5.00
2017-05-16,com.letfreex,surnia_umts,NA,5.00
2017-05-16,com.letfreex,t03g,NA,5.00
2017-05-16,com.letfreex,titan_umtsds,NA,5.00
2017-05-16,com.letfreex,trelte,NA,5.00
2017-05-16,com.letfreex,trlte,3.00,4.14
2017-05-16,com.letfreex,v10,NA,5.00
2017-05-16,com.letfreex,vbox86p,NA,5.00
2017-05-16,com.letfreex,x5623_h6013_cubot,NA,5.00
2017-05-16,com.letfreex,x600,NA,5.00
2017-05-16,com.letfreex,z2_plus,5.00,5.00
2017-05-16,com.letfreex,zenlte,3.00,4.67
2017-05-16,com.letfreex,zeroflte,3.67,4.69
2017-05-16,com.letfreex,zerolte,NA,4.50
2017-05-16,com.letfreex,zeroltechn,5.00,5.00

