Date,Package Name,Language,Daily Average Rating,Total Average Rating
2017-05-05,com.letfreex,it,5.00,5.00
2017-05-06,com.letfreex,en,5.00,5.00
2017-05-06,com.letfreex,it,4.86,4.87
2017-05-07,com.letfreex,en,NA,5.00
2017-05-07,com.letfreex,it,4.82,4.86
2017-05-08,com.letfreex,en,5.00,5.00
2017-05-08,com.letfreex,it,4.75,4.84
2017-05-08,com.letfreex,ru,5.00,5.00
2017-05-09,com.letfreex,en,NA,5.00
2017-05-09,com.letfreex,it,4.85,4.84
2017-05-09,com.letfreex,ru,NA,5.00
2017-05-10,com.letfreex,en,NA,5.00
2017-05-10,com.letfreex,it,4.97,4.85
2017-05-10,com.letfreex,ru,NA,5.00
2017-05-11,com.letfreex,en,NA,5.00
2017-05-11,com.letfreex,it,4.27,4.80
2017-05-11,com.letfreex,pt,1.00,1.00
2017-05-11,com.letfreex,ru,NA,5.00
2017-05-12,com.letfreex,en,5.00,5.00
2017-05-12,com.letfreex,it,4.47,4.78
2017-05-12,com.letfreex,pt,NA,1.00
2017-05-12,com.letfreex,ru,NA,5.00
2017-05-13,com.letfreex,en,NA,5.00
2017-05-13,com.letfreex,it,4.09,4.75
2017-05-13,com.letfreex,pt,1.00,1.00
2017-05-13,com.letfreex,ru,NA,5.00
2017-05-14,com.letfreex,en,5.00,5.00
2017-05-14,com.letfreex,it,4.50,4.73
2017-05-14,com.letfreex,pt,NA,1.00
2017-05-14,com.letfreex,ru,NA,5.00
2017-05-15,com.letfreex,en,5.00,5.00
2017-05-15,com.letfreex,it,4.21,4.70
2017-05-15,com.letfreex,pt,NA,1.00
2017-05-15,com.letfreex,ru,NA,5.00
2017-05-16,com.letfreex,en,NA,5.00
2017-05-16,com.letfreex,fr,3.00,3.00
2017-05-16,com.letfreex,it,4.17,4.66
2017-05-16,com.letfreex,pt,NA,1.00
2017-05-16,com.letfreex,ru,NA,5.00

