Date,Package Name,Carrier,Daily Average Rating,Total Average Rating
2017-05-05,com.letfreex,3,5.00,5.00
2017-05-05,com.letfreex,TIM,5.00,5.00
2017-05-05,com.letfreex,Vodafone - IT,5.00,5.00
2017-05-05,com.letfreex,Wind,5.00,5.00
2017-05-06,com.letfreex,,4.74,4.74
2017-05-06,com.letfreex,3,4.84,4.85
2017-05-06,com.letfreex,AT&T,5.00,5.00
2017-05-06,com.letfreex,TIM,4.91,4.91
2017-05-06,com.letfreex,Vodafone - IT,5.00,5.00
2017-05-06,com.letfreex,Wind,4.80,4.80
2017-05-07,com.letfreex,,5.00,4.79
2017-05-07,com.letfreex,3,4.67,4.83
2017-05-07,com.letfreex,AT&T,NA,5.00
2017-05-07,com.letfreex,T-Mobile - US,5.00,5.00
2017-05-07,com.letfreex,TIM,4.85,4.89
2017-05-07,com.letfreex,Vodafone - IT,4.81,4.94
2017-05-07,com.letfreex,Wind,4.79,4.83
2017-05-08,com.letfreex,,5.00,4.83
2017-05-08,com.letfreex,3,4.69,4.80
2017-05-08,com.letfreex,AT&T,NA,5.00
2017-05-08,com.letfreex,T-Mobile - US,NA,5.00
2017-05-08,com.letfreex,TIM,4.71,4.85
2017-05-08,com.letfreex,Vodafone - IT,4.94,4.94
2017-05-08,com.letfreex,Wind,4.58,4.80
2017-05-09,com.letfreex,,5.00,4.86
2017-05-09,com.letfreex,3,4.71,4.78
2017-05-09,com.letfreex,AT&T,NA,5.00
2017-05-09,com.letfreex,NTT DOCOMO,5.00,5.00
2017-05-09,com.letfreex,O2 - GB,5.00,5.00
2017-05-09,com.letfreex,T-Mobile - US,NA,5.00
2017-05-09,com.letfreex,TIM,5.00,4.87
2017-05-09,com.letfreex,Vodafone - IT,4.80,4.92
2017-05-09,com.letfreex,Wind,4.85,4.80
2017-05-10,com.letfreex,,4.67,4.84
2017-05-10,com.letfreex,3,5.00,4.79
2017-05-10,com.letfreex,AT&T,NA,5.00
2017-05-10,com.letfreex,NTT DOCOMO,NA,5.00
2017-05-10,com.letfreex,O2 - GB,NA,5.00
2017-05-10,com.letfreex,T-Mobile - US,NA,5.00
2017-05-10,com.letfreex,TIM,5.00,4.88
2017-05-10,com.letfreex,Vodafone - IT,5.00,4.92
2017-05-10,com.letfreex,Wind,5.00,4.83
2017-05-11,com.letfreex,,5.00,4.85
2017-05-11,com.letfreex,3,4.43,4.76
2017-05-11,com.letfreex,AT&T,NA,5.00
2017-05-11,com.letfreex,NTT DOCOMO,NA,5.00
2017-05-11,com.letfreex,O2 - GB,NA,5.00
2017-05-11,com.letfreex,Orange - FR,5.00,5.00
2017-05-11,com.letfreex,T-Mobile - US,NA,5.00
2017-05-11,com.letfreex,TIM,3.20,4.80
2017-05-11,com.letfreex,Vivo,1.00,1.00
2017-05-11,com.letfreex,Vodafone - IT,5.00,4.93
2017-05-11,com.letfreex,Vodafone - RO,5.00,5.00
2017-05-11,com.letfreex,Wind,4.13,4.73
2017-05-12,com.letfreex,,5.00,4.86
2017-05-12,com.letfreex,3,4.50,4.74
2017-05-12,com.letfreex,AT&T,NA,5.00
2017-05-12,com.letfreex,NTT DOCOMO,NA,5.00
2017-05-12,com.letfreex,O2 - GB,NA,5.00
2017-05-12,com.letfreex,Orange - FR,NA,5.00
2017-05-12,com.letfreex,T-Mobile - US,NA,5.00
2017-05-12,com.letfreex,TIM,4.20,4.75
2017-05-12,com.letfreex,Vivo,NA,1.00
2017-05-12,com.letfreex,Vodafone - IT,5.00,4.93
2017-05-12,com.letfreex,Vodafone - RO,NA,5.00
2017-05-12,com.letfreex,Wind,4.42,4.70
2017-05-13,com.letfreex,,3.33,4.77
2017-05-13,com.letfreex,3,4.50,4.73
2017-05-13,com.letfreex,AT&T,NA,5.00
2017-05-13,com.letfreex,NTT DOCOMO,NA,5.00
2017-05-13,com.letfreex,O2 - GB,NA,5.00
2017-05-13,com.letfreex,Orange - FR,NA,5.00
2017-05-13,com.letfreex,T-Mobile - US,NA,5.00
2017-05-13,com.letfreex,TIM,3.50,4.67
2017-05-13,com.letfreex,Vivo,NA,1.00
2017-05-13,com.letfreex,Vodafone - IT,3.67,4.89
2017-05-13,com.letfreex,Vodafone - RO,NA,5.00
2017-05-13,com.letfreex,Wind,4.75,4.70
2017-05-14,com.letfreex,,5.00,4.78
2017-05-14,com.letfreex,3,3.83,4.68
2017-05-14,com.letfreex,AT&T,NA,5.00
2017-05-14,com.letfreex,NTT DOCOMO,NA,5.00
2017-05-14,com.letfreex,O2 - GB,5.00,5.00
2017-05-14,com.letfreex,Orange - FR,NA,5.00
2017-05-14,com.letfreex,T-Mobile - US,NA,5.00
2017-05-14,com.letfreex,TIM,4.64,4.67
2017-05-14,com.letfreex,Vivo,NA,1.00
2017-05-14,com.letfreex,Vodafone - IT,4.29,4.84
2017-05-14,com.letfreex,Vodafone - RO,NA,5.00
2017-05-14,com.letfreex,Wind,4.90,4.71
2017-05-15,com.letfreex,,4.00,4.72
2017-05-15,com.letfreex,3,4.29,4.65
2017-05-15,com.letfreex,AT&T,NA,5.00
2017-05-15,com.letfreex,NTT DOCOMO,NA,5.00
2017-05-15,com.letfreex,O2 - GB,NA,5.00
2017-05-15,com.letfreex,Orange - FR,NA,5.00
2017-05-15,com.letfreex,T-Mobile - US,NA,5.00
2017-05-15,com.letfreex,TIM,4.56,4.66
2017-05-15,com.letfreex,Vivo,NA,1.00
2017-05-15,com.letfreex,Vodafone - IT,4.29,4.80
2017-05-15,com.letfreex,Vodafone - RO,NA,5.00
2017-05-15,com.letfreex,Wind,3.86,4.67
2017-05-16,com.letfreex,,5.00,4.74
2017-05-16,com.letfreex,3,4.86,4.66
2017-05-16,com.letfreex,AT&T,NA,5.00
2017-05-16,com.letfreex,Algérie Telecom,3.00,3.00
2017-05-16,com.letfreex,NTT DOCOMO,NA,5.00
2017-05-16,com.letfreex,O2 - GB,NA,5.00
2017-05-16,com.letfreex,Orange - FR,NA,5.00
2017-05-16,com.letfreex,T-Mobile - US,NA,5.00
2017-05-16,com.letfreex,TIM,4.42,4.64
2017-05-16,com.letfreex,Vivo,NA,1.00
2017-05-16,com.letfreex,Vodafone - IT,2.83,4.69
2017-05-16,com.letfreex,Vodafone - RO,NA,5.00
2017-05-16,com.letfreex,Wind,3.92,4.61

