Date,Package Name,Android OS Version,Daily Average Rating,Total Average Rating
2017-05-05,com.letfreex,Android 4.4,5.00,5.00
2017-05-05,com.letfreex,Android 5.1,5.00,5.00
2017-05-05,com.letfreex,Android 6.0,5.00,5.00
2017-05-05,com.letfreex,Android 7.0,5.00,5.00
2017-05-06,com.letfreex,Android 4.2,4.25,4.25
2017-05-06,com.letfreex,Android 4.3,5.00,5.00
2017-05-06,com.letfreex,Android 4.4,4.80,4.82
2017-05-06,com.letfreex,Android 5.0,4.63,4.63
2017-05-06,com.letfreex,Android 5.1,4.87,4.88
2017-05-06,com.letfreex,Android 6.0,4.94,4.94
2017-05-06,com.letfreex,Android 7.0,4.75,4.76
2017-05-06,com.letfreex,Android 7.1,5.00,5.00
2017-05-07,com.letfreex,Android 4.2,5.00,4.40
2017-05-07,com.letfreex,Android 4.3,5.00,5.00
2017-05-07,com.letfreex,Android 4.4,5.00,4.89
2017-05-07,com.letfreex,Android 5.0,4.56,4.60
2017-05-07,com.letfreex,Android 5.1,4.55,4.74
2017-05-07,com.letfreex,Android 6.0,4.97,4.95
2017-05-07,com.letfreex,Android 7.0,4.89,4.86
2017-05-07,com.letfreex,Android 7.1,4.50,4.86
2017-05-08,com.letfreex,Android 4.2,NA,4.40
2017-05-08,com.letfreex,Android 4.3,NA,5.00
2017-05-08,com.letfreex,Android 4.4,5.00,4.93
2017-05-08,com.letfreex,Android 5.0,4.50,4.58
2017-05-08,com.letfreex,Android 5.1,4.71,4.76
2017-05-08,com.letfreex,Android 6.0,4.76,4.91
2017-05-08,com.letfreex,Android 7.0,4.67,4.80
2017-05-08,com.letfreex,Android 7.1,4.80,4.84
2017-05-09,com.letfreex,Android 4.2,5.00,4.50
2017-05-09,com.letfreex,Android 4.3,NA,5.00
2017-05-09,com.letfreex,Android 4.4,4.71,4.88
2017-05-09,com.letfreex,Android 5.0,4.75,4.62
2017-05-09,com.letfreex,Android 5.1,5.00,4.78
2017-05-09,com.letfreex,Android 6.0,4.88,4.91
2017-05-09,com.letfreex,Android 7.0,4.90,4.82
2017-05-09,com.letfreex,Android 7.1,5.00,4.85
2017-05-10,com.letfreex,,5.00,5.00
2017-05-10,com.letfreex,Android 4.2,NA,4.50
2017-05-10,com.letfreex,Android 4.3,NA,5.00
2017-05-10,com.letfreex,Android 4.4,NA,4.88
2017-05-10,com.letfreex,Android 5.0,5.00,4.65
2017-05-10,com.letfreex,Android 5.1,5.00,4.82
2017-05-10,com.letfreex,Android 6.0,5.00,4.91
2017-05-10,com.letfreex,Android 7.0,5.00,4.85
2017-05-10,com.letfreex,Android 7.1,4.00,4.81
2017-05-11,com.letfreex,,NA,5.00
2017-05-11,com.letfreex,Android 4.2,NA,4.50
2017-05-11,com.letfreex,Android 4.3,NA,5.00
2017-05-11,com.letfreex,Android 4.4,5.00,4.89
2017-05-11,com.letfreex,Android 5.0,5.00,4.69
2017-05-11,com.letfreex,Android 5.1,3.00,4.63
2017-05-11,com.letfreex,Android 6.0,4.06,4.84
2017-05-11,com.letfreex,Android 7.0,4.20,4.80
2017-05-11,com.letfreex,Android 7.1,NA,4.81
2017-05-12,com.letfreex,,NA,5.00
2017-05-12,com.letfreex,Android 4.2,5.00,4.57
2017-05-12,com.letfreex,Android 4.3,NA,5.00
2017-05-12,com.letfreex,Android 4.4,4.20,4.81
2017-05-12,com.letfreex,Android 5.0,5.00,4.71
2017-05-12,com.letfreex,Android 5.1,3.00,4.51
2017-05-12,com.letfreex,Android 6.0,4.67,4.83
2017-05-12,com.letfreex,Android 7.0,4.70,4.78
2017-05-12,com.letfreex,Android 7.1,5.00,4.83
2017-05-13,com.letfreex,,NA,5.00
2017-05-13,com.letfreex,Android 4.2,NA,4.57
2017-05-13,com.letfreex,Android 4.3,NA,5.00
2017-05-13,com.letfreex,Android 4.4,4.00,4.73
2017-05-13,com.letfreex,Android 5.0,3.00,4.60
2017-05-13,com.letfreex,Android 5.1,4.00,4.50
2017-05-13,com.letfreex,Android 6.0,4.36,4.81
2017-05-13,com.letfreex,Android 7.0,4.00,4.76
2017-05-13,com.letfreex,Android 7.1,3.00,4.69
2017-05-14,com.letfreex,,NA,5.00
2017-05-14,com.letfreex,Android 4.2,5.00,4.67
2017-05-14,com.letfreex,Android 4.3,5.00,5.00
2017-05-14,com.letfreex,Android 4.4,5.00,4.75
2017-05-14,com.letfreex,Android 5.0,5.00,4.64
2017-05-14,com.letfreex,Android 5.1,3.67,4.46
2017-05-14,com.letfreex,Android 6.0,4.23,4.78
2017-05-14,com.letfreex,Android 7.0,4.57,4.75
2017-05-14,com.letfreex,Android 7.1,5.00,4.72
2017-05-15,com.letfreex,,NA,5.00
2017-05-15,com.letfreex,Android 4.1,1.00,1.00
2017-05-15,com.letfreex,Android 4.2,5.00,4.70
2017-05-15,com.letfreex,Android 4.3,1.00,4.00
2017-05-15,com.letfreex,Android 4.4,4.00,4.69
2017-05-15,com.letfreex,Android 5.0,4.80,4.66
2017-05-15,com.letfreex,Android 5.1,4.80,4.48
2017-05-15,com.letfreex,Android 6.0,4.00,4.74
2017-05-15,com.letfreex,Android 7.0,5.00,4.76
2017-05-15,com.letfreex,Android 7.1,5.00,4.74
2017-05-16,com.letfreex,,NA,5.00
2017-05-16,com.letfreex,Android 4.1,NA,1.00
2017-05-16,com.letfreex,Android 4.2,NA,4.70
2017-05-16,com.letfreex,Android 4.3,5.00,4.20
2017-05-16,com.letfreex,Android 4.4,5.00,4.70
2017-05-16,com.letfreex,Android 5.0,5.00,4.67
2017-05-16,com.letfreex,Android 5.1,3.60,4.36
2017-05-16,com.letfreex,Android 6.0,4.35,4.72
2017-05-16,com.letfreex,Android 7.0,3.67,4.65
2017-05-16,com.letfreex,Android 7.1,5.00,4.75

