Date,Package Name,Country,Daily Average Rating,Total Average Rating
2017-05-05,com.letfreex,IT,5.00,5.00
2017-05-06,com.letfreex,IT,4.86,4.87
2017-05-06,com.letfreex,US,5.00,5.00
2017-05-07,com.letfreex,IT,4.82,4.86
2017-05-07,com.letfreex,US,5.00,5.00
2017-05-08,com.letfreex,IT,4.76,4.84
2017-05-08,com.letfreex,US,NA,5.00
2017-05-09,com.letfreex,GB,5.00,5.00
2017-05-09,com.letfreex,IT,4.85,4.84
2017-05-09,com.letfreex,JP,5.00,5.00
2017-05-09,com.letfreex,US,NA,5.00
2017-05-10,com.letfreex,GB,NA,5.00
2017-05-10,com.letfreex,IT,4.97,4.85
2017-05-10,com.letfreex,JP,NA,5.00
2017-05-10,com.letfreex,US,NA,5.00
2017-05-11,com.letfreex,BR,1.00,1.00
2017-05-11,com.letfreex,FR,5.00,5.00
2017-05-11,com.letfreex,GB,NA,5.00
2017-05-11,com.letfreex,IT,4.23,4.80
2017-05-11,com.letfreex,JP,NA,5.00
2017-05-11,com.letfreex,RO,5.00,5.00
2017-05-11,com.letfreex,US,NA,5.00
2017-05-12,com.letfreex,BR,NA,1.00
2017-05-12,com.letfreex,FR,NA,5.00
2017-05-12,com.letfreex,GB,NA,5.00
2017-05-12,com.letfreex,IT,4.47,4.78
2017-05-12,com.letfreex,JP,NA,5.00
2017-05-12,com.letfreex,LV,5.00,5.00
2017-05-12,com.letfreex,RO,NA,5.00
2017-05-12,com.letfreex,US,NA,5.00
2017-05-13,com.letfreex,BR,1.00,1.00
2017-05-13,com.letfreex,FR,NA,5.00
2017-05-13,com.letfreex,GB,NA,5.00
2017-05-13,com.letfreex,IT,4.09,4.74
2017-05-13,com.letfreex,JP,NA,5.00
2017-05-13,com.letfreex,LV,NA,5.00
2017-05-13,com.letfreex,RO,NA,5.00
2017-05-13,com.letfreex,US,NA,5.00
2017-05-14,com.letfreex,BR,NA,1.00
2017-05-14,com.letfreex,FR,NA,5.00
2017-05-14,com.letfreex,GB,5.00,5.00
2017-05-14,com.letfreex,IT,4.53,4.73
2017-05-14,com.letfreex,JP,NA,5.00
2017-05-14,com.letfreex,LV,NA,5.00
2017-05-14,com.letfreex,RO,NA,5.00
2017-05-14,com.letfreex,US,NA,5.00
2017-05-15,com.letfreex,BR,NA,1.00
2017-05-15,com.letfreex,FR,NA,5.00
2017-05-15,com.letfreex,GB,NA,5.00
2017-05-15,com.letfreex,IT,4.24,4.70
2017-05-15,com.letfreex,JP,NA,5.00
2017-05-15,com.letfreex,LV,NA,5.00
2017-05-15,com.letfreex,RO,NA,5.00
2017-05-15,com.letfreex,US,NA,5.00
2017-05-16,com.letfreex,BR,NA,1.00
2017-05-16,com.letfreex,DZ,3.00,3.00
2017-05-16,com.letfreex,FR,NA,5.00
2017-05-16,com.letfreex,GB,NA,5.00
2017-05-16,com.letfreex,IT,4.17,4.66
2017-05-16,com.letfreex,JP,NA,5.00
2017-05-16,com.letfreex,LV,NA,5.00
2017-05-16,com.letfreex,RO,NA,5.00
2017-05-16,com.letfreex,US,NA,5.00

