Date,Package Name,Tablets,Daily Average Rating,Total Average Rating
2017-05-06,com.letfreex,7_up_to_10_inch_tablets,4.00,4.00
2017-05-06,com.letfreex,10_or_more_inch_tablets,4.83,4.83
2017-05-07,com.letfreex,7_up_to_10_inch_tablets,5.00,4.30
2017-05-07,com.letfreex,10_or_more_inch_tablets,5.00,4.88
2017-05-08,com.letfreex,7_up_to_10_inch_tablets,NA,4.30
2017-05-08,com.letfreex,10_or_more_inch_tablets,5.00,4.89
2017-05-09,com.letfreex,7_up_to_10_inch_tablets,4.50,4.33
2017-05-09,com.letfreex,10_or_more_inch_tablets,5.00,4.91
2017-05-10,com.letfreex,7_up_to_10_inch_tablets,5.00,4.43
2017-05-10,com.letfreex,10_or_more_inch_tablets,4.00,4.83
2017-05-11,com.letfreex,7_up_to_10_inch_tablets,5.00,4.47
2017-05-11,com.letfreex,10_or_more_inch_tablets,5.00,4.85
2017-05-12,com.letfreex,7_up_to_10_inch_tablets,5.00,4.50
2017-05-12,com.letfreex,10_or_more_inch_tablets,4.00,4.69
2017-05-13,com.letfreex,7_up_to_10_inch_tablets,3.33,4.32
2017-05-13,com.letfreex,10_or_more_inch_tablets,NA,4.69
2017-05-14,com.letfreex,7_up_to_10_inch_tablets,NA,4.32
2017-05-14,com.letfreex,10_or_more_inch_tablets,5.00,4.72
2017-05-15,com.letfreex,7_up_to_10_inch_tablets,5.00,4.35
2017-05-15,com.letfreex,10_or_more_inch_tablets,1.00,4.53
2017-05-16,com.letfreex,7_up_to_10_inch_tablets,5.00,4.38
2017-05-16,com.letfreex,10_or_more_inch_tablets,3.00,4.38

